Date,GPE,Latitude,Longitude,Country
1,RUSSIA,64.6863136,97.7453061,Russia
1,UKRAINE,49.4871968,31.2718321,Ukraine
1,UNITED STATES,39.7837304,-100.445882,United States
1,CANADA,61.0666922,-107.991707,Canada
1,HUNGARY,47.1817585,19.5060937,Hungary
1,BRUSSELS,50.8465573,4.351697,Belgium
1,MOSCOW,55.7504461,37.6174943,Russia
1,BEREGOVO,48.2050985,22.6453246,Ukraine
1,IDEN,52.7794495,11.9141261,Germany
1,GENEVA,46.2017559,6.1466014,Switzerland
1,ITALY,42.6384261,12.674297,Italy
1,TURKEY,38.9597594,34.9249653,Turkey
1,EUROPE,51.0,10.0,Germany
2,RUSSIA,64.6863136,97.7453061,Russia
2,UKRAINE,49.4871968,31.2718321,Ukraine
2,KYIV,50.4500336,30.5241361,Ukraine
2,KHARKIV,49.9923181,36.2310146,Ukraine
2,UNITED STATES,39.7837304,-100.445882,United States
2,MOSCOW,55.7504461,37.6174943,Russia
2,LVIV,49.841952,24.0315921,Ukraine
2,BELARUS,53.4250605,27.6971358,Belarus
2,LUHANSK,49.2724587,38.9150477,Ukraine
2,GERMANY,51.0834196,10.4234469,Germany
2,UNITED ARAB EMIRATES,24.0002488,53.9994829,United Arab Emirates
2,SYRIA,34.6401861,39.0494106,Syria
2,IRAQ,33.0955793,44.1749775,Iraq
2,ZHYTOMYR,50.9080532,28.3867504,Ukraine
2,CRIMEA,45.28350435,34.20081877526554,Ukraine
2,DONBAS,49.4183248,17.310880143943606,Czechia
2,GENEVA,46.2017559,6.1466014,Switzerland
2,BEIJING,39.906217,116.3912757,China
2,TURKEY,38.9597594,34.9249653,Turkey
2,HABECK,42.323332,-73.646609,United States
2,BERLIN,52.5170365,13.3888599,Germany
2,UNITED KINGDOM,54.7023545,-3.2765753,United Kingdom
2,POLAND,52.215933,19.134422,Poland
2,VINNYTSIA,48.8990315,28.516068,Ukraine
2,KHARKIV CITY,49.99221885,36.272354296005254,Ukraine
2,SR CONSTANT,37.2220684,-76.7877164,United States
2,ECHO,45.7419049,-119.1948348,United States
2,CANADA,61.0666922,-107.991707,Canada
2,MALDIVES,4.7064352,73.3287853,Maldives
2,SPOTIFY,52.2036208,0.1316263,United Kingdom
2,ROMANIA,45.9852129,24.6859225,Romania
2,CZECH REPUBLIC,49.8167003,15.4749544,Czechia
2,INDIA,22.3511148,78.6677428,India
2,NEW DELHI,28.6138954,77.2090057,India
2,SWEDEN,59.6749712,14.5208584,Sweden
2,BLINKEN,70.6538402,23.6965447,Norway
2,FRANCE,46.603354,1.8883335,France
2,DNIEPER RIVER,51.9191343,30.8243039,Ukraine
2,TAIWAN,23.9739374,120.9820179,Taiwan
2,GEORGIA,32.3293809,-83.1137366,United States
2,CHINA,35.000074,104.999927,China
2,PAKISTAN,30.3308401,71.247499,Pakistan
2,ISRAEL,31.5313113,34.8667654,Israel
2,NORTH KOREA,40.3736611,127.0870417,North Korea
2,HOLOCAUST,49.6089657,6.1317644,Luxembourg
2,GULF,29.9665252,-85.2175889,United States
2,EUROPE,51.0,10.0,Germany
2,CRIMEAN PENINSULA,45.28350435,34.20081877526554,Ukraine
2,PENINSULA,48.870745,2.2933072,France
3,UKRAINE,49.4871968,31.2718321,Ukraine
3,MOSCOW,55.7504461,37.6174943,Russia
3,RUSSIA,64.6863136,97.7453061,Russia
3,POLAND,52.215933,19.134422,Poland
3,WARSAW,52.2319581,21.0067249,Poland
3,MICHELLE,44.5369891,-0.3605867,France
3,BACHELET,-33.0520588,-71.5490325,Chile
3,DONETSK,48.0158753,37.8013407,Ukraine
3,LVIV,49.841952,24.0315921,Ukraine
3,CHERNOBYL,51.2705477,30.2195609,Ukraine
3,UNITED ARAB EMIRATES,24.0002488,53.9994829,United Arab Emirates
3,UNITED STATES,39.7837304,-100.445882,United States
3,CANADA,61.0666922,-107.991707,Canada
3,DONBAS,49.4183248,17.310880143943606,Czechia
3,UNITED KINGDOM,54.7023545,-3.2765753,United Kingdom
3,SENEGAL,14.4750607,-14.4529612,Senegal
3,BREST,48.3905283,-4.4860088,France
3,BELARUS,53.4250605,27.6971358,Belarus
3,JAPAN,36.5748441,139.2394179,Japan
3,CZECH REPUBLIC,49.8167003,15.4749544,Czechia
3,GERMANY,51.0834196,10.4234469,Germany
3,GENEVA,46.2017559,6.1466014,Switzerland
3,SAUDI ARABIA,25.6242618,42.3528328,Saudi Arabia
3,BERLIN,52.5170365,13.3888599,Germany
3,SYRIA YEMEN,35.5169142,35.786714732624716,Syria
3,ETHIOPIA,10.2116702,38.6521203,Ethiopia
3,KYIV,50.4500336,30.5241361,Ukraine
3,LITHUANIA,55.3500003,23.7499997,Lithuania
3,OKHTYRKA,50.3115386,34.8868923,Ukraine
3,PUTIN,48.990259,13.8743671,Czechia
3,INDIA,22.3511148,78.6677428,India
3,KHARKIV,49.9923181,36.2310146,Ukraine
3,HUNGARY,47.1817585,19.5060937,Hungary
3,BEIJING,39.906217,116.3912757,China
3,CHINA,35.000074,104.999927,China
3,ZHYTOMYR,50.9080532,28.3867504,Ukraine
3,HAGUE,46.0281748,-99.9982432,United States
3,ROMANIA,45.9852129,24.6859225,Romania
3,FRANCE,46.603354,1.8883335,France
3,ECHO,45.7419049,-119.1948348,United States
3,BRUNEI,4.4137155,114.5653908,Brunei
3,CAMBODIA,13.5066394,104.869423,Cambodia
3,INDONESIA,-2.4833826,117.8902853,Indonesia
3,LAOS,20.0171109,103.378253,Laos
3,MALAYSIA,4.5693754,102.2656823,Malaysia
3,MYANMAR,17.1750495,95.9999652,Myanmar
3,PHILIPPINES,12.7503486,122.7312101,Philippines
3,SINGAPORE,1.357107,103.8194992,Singapore
3,THAILAND,14.8971921,100.83273,Thailand
3,VIETNAM,13.2904027,108.4265113,Vietnam
3,WASHINGTON,38.8950368,-77.0365427,United States
3,IRAQ,33.0955793,44.1749775,Iraq
3,LIBYA,26.8234472,18.1236723,Libya
3,CHERNIHIV,51.272593,31.7417235,Ukraine
3,LATVIA,56.8406494,24.7537645,Latvia
3,ESTONIA,58.7523778,25.3319078,Estonia
3,NAZI GERMANY,49.4339695,11.1126843,Germany
3,CHERNIHIV AT,51.10833045,31.196406926759025,Ukraine
3,SAINT PETERSBURG,59.938732,30.316229,Russia
3,EUROPE,51.0,10.0,Germany
3,NORTHWEST TERRITORIES,65.0000004,-118.0,Canada
3,GULF,29.9665252,-85.2175889,United States
3,ENERHODAR,47.4970865,34.6487214,Ukraine
3,BUCHAREST,44.4361414,26.1027202,Romania
3,DNIEPER RIVER,51.9191343,30.8243039,Ukraine
4,RUSSIA,64.6863136,97.7453061,Russia
4,UKRAINE,49.4871968,31.2718321,Ukraine
4,ARLES,43.6776223,4.6309653,France
4,FRANCE,46.603354,1.8883335,France
4,LVIV,49.841952,24.0315921,Ukraine
4,MOSCOW,55.7504461,37.6174943,Russia
4,UNITED STATES,39.7837304,-100.445882,United States
4,BEIJING,39.906217,116.3912757,China
4,CANADA,61.0666922,-107.991707,Canada
4,GERMANY,51.0834196,10.4234469,Germany
4,ITALY,42.6384261,12.674297,Italy
4,JAPAN,36.5748441,139.2394179,Japan
4,UNITED KINGDOM,54.7023545,-3.2765753,United Kingdom
4,BRUSSELS,50.8465573,4.351697,Belgium
4,STOLTENBERG,54.3437602,10.3461093,Germany
4,FINLAND,63.2467777,25.9209164,Finland
4,BERLIN,52.5170365,13.3888599,Germany
4,NEW YORK,40.7127281,-74.0060152,United States
4,AMSTERDAM,52.3727598,4.8936041,Netherlands
4,MELBOURNE,-37.8142176,144.9631608,Australia
4,WASHINGTON,38.8950368,-77.0365427,United States
4,LONDON,51.5073219,-0.1276474,United Kingdom
4,VIENNA,48.2083537,16.3725042,Austria
4,HUNGARY,47.1817585,19.5060937,Hungary
4,NEW YORK CITY,40.7127281,-74.0060152,United States
4,SWEDEN,59.6749712,14.5208584,Sweden
4,VINNYTSIA,48.8990315,28.516068,Ukraine
4,POLAND,52.215933,19.134422,Poland
4,CHINA,35.000074,104.999927,China
4,COPENHAGEN,55.6867243,12.5700724,Denmark
4,ROMANIA,45.9852129,24.6859225,Romania
4,ABUJA,9.0643305,7.4892974,Nigeria
4,BELGRADE,44.8178131,20.4568974,Serbia
4,SERBIA,44.1534121,20.55144,Serbia
4,BERLIN GERMANY,52.5170365,13.3888599,Germany
4,EUROPE,51.0,10.0,Germany
4,ZOOM,27.1450111,88.2633501,India
4,CENTRAL AND EASTERN EUROPE,39.6242727,19.9237448,Greece
4,LATEST,8.8938685,76.6807233,India
5,ITALY,42.6384261,12.674297,Italy
5,RUSSIA,64.6863136,97.7453061,Russia
5,MOSCOW,55.7504461,37.6174943,Russia
5,UKRAINE,49.4871968,31.2718321,Ukraine
5,NEW YORK,40.7127281,-74.0060152,United States
5,NEW YORK CITY,40.7127281,-74.0060152,United States
5,BELARUS,53.4250605,27.6971358,Belarus
5,UNITED KINGDOM,54.7023545,-3.2765753,United Kingdom
5,UNITED STATES,39.7837304,-100.445882,United States
5,LONDON,51.5073219,-0.1276474,United Kingdom
5,IRAN,32.6475314,54.5643516,Iran
5,HAGUE,46.0281748,-99.9982432,United States
5,BLINKEN,70.6538402,23.6965447,Norway
5,POLAND,52.215933,19.134422,Poland
5,HONDURAS,15.2572432,-86.0755145,Honduras
5,CROSS,35.3001216,-90.7750181,United States
5,SRI LANKA,7.5554942,80.7137847,Sri Lanka
5,TAIWAN,23.9739374,120.9820179,Taiwan
5,MOSCOW KYIV,50.490443299999995,30.535144726355274,Ukraine
5,IRPIN,50.5206777,30.2448725,Ukraine
5,TURKEY,38.9597594,34.9249653,Turkey
5,CHINA,35.000074,104.999927,China
5,PUTIN,48.990259,13.8743671,Czechia
5,GERMANY,51.0834196,10.4234469,Germany
5,TOKYO,35.6828387,139.7594549,Japan
5,JAPAN,36.5748441,139.2394179,Japan
5,HIROSHIMA,34.3916058,132.4518156,Japan
5,NAGASAKI,33.1154683,129.7874339,Japan
5,CHERNOBYL,51.2705477,30.2195609,Ukraine
5,FUKUSHIMA,37.75454,140.4592144,Japan
5,MARIUPOL,47.0957648,37.5499621,Ukraine
5,SYRIA,34.6401861,39.0494106,Syria
5,NORTHAMPTONSHIRE,52.3106138,-0.8659129831915817,United Kingdom
5,GREAT BRITAIN,54.31536155,-1.9180234948012402,United Kingdom
5,CRIMEA,45.28350435,34.20081877526554,Ukraine
5,SUMY,50.90007875,34.809040734367024,Ukraine
5,FORMULA,36.1486317,-115.2332606,United States
5,BRUSSELS,50.8465573,4.351697,Belgium
5,ISRAEL,31.5313113,34.8667654,Israel
5,BERLIN,52.5170365,13.3888599,Germany
5,CANADA,61.0666922,-107.991707,Canada
5,KHARKIV,49.9923181,36.2310146,Ukraine
5,KAZAKHSTAN,47.2286086,65.2093197,Kazakhstan
5,HUNGARY,47.1817585,19.5060937,Hungary
5,ARMYANSK CRIMEA,46.113261,33.6904091,Ukraine
5,ZAHONY,48.4063743,22.1778835,Hungary
5,NIGERIA,9.6000359,7.9999721,Nigeria
5,INDIA,22.3511148,78.6677428,India
5,EGYPT,26.2540493,29.2675469,Egypt
5,MOROCCO,31.1728205,-7.3362482,Morocco
5,KIEV,50.4500336,30.5241361,Ukraine
5,DENMARK,55.670249,10.3333283,Denmark
5,ESTONIA,58.7523778,25.3319078,Estonia
5,FINLAND,63.2467777,25.9209164,Finland
5,ICELAND,64.9841821,-18.1059013,Iceland
5,LATVIA,56.8406494,24.7537645,Latvia
5,LITHUANIA,55.3500003,23.7499997,Lithuania
5,NORWAY,60.5000209,9.0999715,Norway
5,SWEDEN,59.6749712,14.5208584,Sweden
5,AT,47.59397,14.12456,Austria
5,CHERNIHIV,51.272593,31.7417235,Ukraine
5,BRAZIL,-10.3333333,-53.2,Brazil
5,PARIS,48.8588897,2.3200410217200766,France
5,SUMY AT,50.944161449999996,34.78402522122448,Ukraine
5,ZAPORIZHZHIA,47.8507859,35.1182867,Ukraine
5,NETHERLANDS,52.15517,5.38721,Netherlands
5,ISTANBUL,41.0091982,28.9662187,Turkey
5,KALIN,8.1085479,2.1853101,Benin
5,KHERSON,46.5421715,33.4079326,Ukraine
5,INTERFAX,4.8643962,-74.0502756,Colombia
5,SINGAPORE,1.357107,103.8194992,Singapore
5,YEMEN,16.3471243,47.8915271,Yemen
5,QATAR,25.3336984,51.2295295,Qatar
5,ALGERIA,28.0000272,2.9999825,Algeria
5,EUROPE,51.0,10.0,Germany
5,LATEST,8.8938685,76.6807233,India
5,SEA OF,40.881735899999995,40.27544376928809,Turkey
5,PROTECT,25.3831507,55.4464072,United Arab Emirates
5,SOUTH AMERICA,-21.0002179,-61.0006565,Paraguay
5,MIDDLE EAST,39.3014159,-76.5888477,United States
5,AFRICA,11.5024338,17.7578122,Chad
6,UKRAINE,49.4871968,31.2718321,Ukraine
6,RUSSIA,64.6863136,97.7453061,Russia
6,ISRAEL,31.5313113,34.8667654,Israel
6,MOSCOW,55.7504461,37.6174943,Russia
6,BERLIN,52.5170365,13.3888599,Germany
6,TURKEY,38.9597594,34.9249653,Turkey
6,ZAPORIZHZHIA,47.8507859,35.1182867,Ukraine
6,ST PETER�,44.3238384,-93.9585295,United States
6,VATICAN CITY,41.903411,12.4528527,Vatican City
6,ROMANIA,45.9852129,24.6859225,Romania
6,IVANNA,49.8487894,25.5208376,Ukraine
6,FRANCE,46.603354,1.8883335,France
6,CHINA,35.000074,104.999927,China
6,STRASBOURG,48.584614,7.7507127,France
6,POLAND,52.215933,19.134422,Poland
6,UNITED STATES,39.7837304,-100.445882,United States
6,GENEVA,46.2017559,6.1466014,Switzerland
6,IRPIN,50.5206777,30.2448725,Ukraine
6,VENEZUELA,8.0018709,-66.1109318,Venezuela
6,CARACAS,10.506098,-66.9146017,Venezuela
6,MOLDOVA,47.2879608,28.5670941,Moldova
6,VINNYTSIA,48.8990315,28.516068,Ukraine
6,IRAN,32.6475314,54.5643516,Iran
6,WASHINGTON,38.8950368,-77.0365427,United States
6,ZHYTOMYR,50.9080532,28.3867504,Ukraine
6,UNITED KINGDOM,54.7023545,-3.2765753,United Kingdom
6,CHECHNYA,43.3976147,45.6985005,Russia
6,SYRIA,34.6401861,39.0494106,Syria
6,INTERFAX,4.8643962,-74.0502756,Colombia
6,WARSAW,52.2319581,21.0067249,Poland
6,MEDYKA POLAND,49.8057989,22.9375415,Poland
6,BELARUS,53.4250605,27.6971358,Belarus
6,CALAIS,50.9524769,1.8538446,France
6,PARIS,48.8588897,2.3200410217200766,France
6,BRUSSELS,50.8465573,4.351697,Belgium
6,LITHUANIA,55.3500003,23.7499997,Lithuania
6,BRITAIN,54.31536155,-1.9180234948012402,United Kingdom
6,STAROKOSTIANTYNIV,49.756163,27.2087889,Ukraine
6,ST PETERSBURG,59.938732,30.316229,Russia
6,BATTLES,34.9307309,-120.4008295,United States
6,BLINKEN,70.6538402,23.6965447,Norway
6,TRANSNISTRIA,46.9905668,29.4772511,Moldova
6,EUROPE,51.0,10.0,Germany
6,DNIEPER RIVER,51.9191343,30.8243039,Ukraine
6,HORENKA,50.5595665,30.3122576,Ukraine
6,ODESA,46.4843023,30.7322878,Ukraine
6,AGAIN,52.7002102,87.9764381,Russia
6,BENNETT,43.1854085,-101.655263,United States
6,FAR EAST,7.00194225,-9.468326367917118,Liberia
6,IRPIN RIVER,50.509925,30.2583788,Ukraine
7,RUSSIA,64.6863136,97.7453061,Russia
7,MOSCOW,55.7504461,37.6174943,Russia
7,UKRAINE,49.4871968,31.2718321,Ukraine
7,UNITED STATES,39.7837304,-100.445882,United States
7,BELARUS,53.4250605,27.6971358,Belarus
7,ZHYTOMYR,50.9080532,28.3867504,Ukraine
7,UNITED KINGDOM,54.7023545,-3.2765753,United Kingdom
7,MYKOLAIV,47.3886032,31.9442334,Ukraine
7,SOUTHERN,-15.30637685,35.32814794075438,Malawi
7,PARIS,48.8588897,2.3200410217200766,France
7,GERMANY,51.0834196,10.4234469,Germany
7,NETHERLANDS,52.15517,5.38721,Netherlands
7,BLINKEN,70.6538402,23.6965447,Norway
7,RIGA,56.9493977,24.1051846,Latvia
7,LATVIA,56.8406494,24.7537645,Latvia
7,PORTUGAL,40.0332629,-7.8896263,Portugal
7,BELGOROD,50.5955595,36.5873394,Russia
7,LVIV,49.841952,24.0315921,Ukraine
7,WASHINGTON,38.8950368,-77.0365427,United States
7,LITHUANIA,55.3500003,23.7499997,Lithuania
7,ESTONIA,58.7523778,25.3319078,Estonia
7,CHINA,35.000074,104.999927,China
7,BEIJING,39.906217,116.3912757,China
7,GEORGIA,32.3293809,-83.1137366,United States
7,MOLDOVA,47.2879608,28.5670941,Moldova
7,DONBAS,49.4183248,17.310880143943606,Czechia
7,CANADA,61.0666922,-107.991707,Canada
7,LONDON,51.5073219,-0.1276474,United Kingdom
7,ANTALYA,36.9009641,30.6954846,Turkey
7,TURKEY,38.9597594,34.9249653,Turkey
7,ANKARA,39.9207886,32.8540482,Turkey
7,S KOREA,36.638392,127.6961188,South Korea
7,SOUTH KOREA,36.638392,127.6961188,South Korea
7,INTERFAX,4.8643962,-74.0502756,Colombia
7,CALAIS,50.9524769,1.8538446,France
7,MOSCOW KYIV,50.490443299999995,30.535144726355274,Ukraine
7,GADZO,43.8413113,18.3198812,Bosnia and Herzegovina
7,IRPIN,50.5206777,30.2448725,Ukraine
7,JAPAN,36.5748441,139.2394179,Japan
7,CRIMEA,45.28350435,34.20081877526554,Ukraine
7,AUSTRALIA,-24.7761086,134.755,Australia
7,DONETSK,48.0158753,37.8013407,Ukraine
7,POLAND,52.215933,19.134422,Poland
7,FRANCE,46.603354,1.8883335,France
7,LUHANSK,49.2724587,38.9150477,Ukraine
7,KHARKIV,49.9923181,36.2310146,Ukraine
7,PUTIN,48.990259,13.8743671,Czechia
7,DUBLIN,53.3497645,-6.2602732,Ireland
7,MARIUPOL,47.0957648,37.5499621,Ukraine
7,EUROPE,51.0,10.0,Germany
7,LATEST,8.8938685,76.6807233,India
7,BREST,48.3905283,-4.4860088,France
7,CRIMEAN PENINSULA,45.28350435,34.20081877526554,Ukraine
7,CENTRAL EUROPE,35.670119,-95.167241,United States
8,UNITED STATES,39.7837304,-100.445882,United States
8,RUSSIA,64.6863136,97.7453061,Russia
8,L�,48.295064350000004,14.301625325250352,Austria
8,UKRAINE,49.4871968,31.2718321,Ukraine
8,SOUTH KOREA,36.638392,127.6961188,South Korea
8,POLAND,52.215933,19.134422,Poland
8,GERMANY,51.0834196,10.4234469,Germany
8,MARIUPOL,47.0957648,37.5499621,Ukraine
8,CHINA,35.000074,104.999927,China
8,BEIJING,39.906217,116.3912757,China
8,MOSCOW,55.7504461,37.6174943,Russia
8,SUMY,50.90007875,34.809040734367024,Ukraine
8,IRPIN,50.5206777,30.2448725,Ukraine
8,UNITED KINGDOM,54.7023545,-3.2765753,United Kingdom
8,GENEVA,46.2017559,6.1466014,Switzerland
8,DONETSK,48.0158753,37.8013407,Ukraine
8,LUHANSK,49.2724587,38.9150477,Ukraine
8,PARALYMPIC,-8.8332677,13.2331416,Angola
8,JAPAN,36.5748441,139.2394179,Japan
8,BELARUS,53.4250605,27.6971358,Belarus
8,NULAND,51.7276714,5.4339809,Netherlands
8,VATICAN,41.903411,12.4528527,Vatican City
8,OSLO,59.9133301,10.7389701,Norway
8,INDIA,22.3511148,78.6677428,India
8,LATVIA,56.8406494,24.7537645,Latvia
8,OKHTYRKA,50.3115386,34.8868923,Ukraine
8,POLINA,48.4935417,20.2123702,Slovakia
8,ZHYTOMYR,50.9080532,28.3867504,Ukraine
8,LVIV,49.841952,24.0315921,Ukraine
8,SLOVAKIA,48.7411522,19.4528646,Slovakia
8,NETHERLANDS,52.15517,5.38721,Netherlands
8,SWEDEN,59.6749712,14.5208584,Sweden
8,BRITAIN,54.31536155,-1.9180234948012402,United Kingdom
8,DENMARK,55.670249,10.3333283,Denmark
8,LITHUANIA,55.3500003,23.7499997,Lithuania
8,ICELAND,64.9841821,-18.1059013,Iceland
8,WASHINGTON,38.8950368,-77.0365427,United States
8,TURKEY,38.9597594,34.9249653,Turkey
8,ZAPORIZHZHIA,47.8507859,35.1182867,Ukraine
8,CHERNOBYL,51.2705477,30.2195609,Ukraine
8,FRANCE,46.603354,1.8883335,France
8,LONDON,51.5073219,-0.1276474,United Kingdom
8,SCOTLAND,56.7861112,-4.1140518,United Kingdom
8,PATH,40.71362,-74.0181507,United States
8,WALES,52.2928116,-3.73893,United Kingdom
8,AUSTRIA,47.59397,14.12456,Austria
8,CZECH REPUBLIC,49.8167003,15.4749544,Czechia
8,HUNGARY,47.1817585,19.5060937,Hungary
8,KHARKIV,49.9923181,36.2310146,Ukraine
8,EUROPE,51.0,10.0,Germany
8,LIGHT,-34.4100885,138.83211814130112,Australia
9,EGYPT,26.2540493,29.2675469,Egypt
9,UKRAINE,49.4871968,31.2718321,Ukraine
9,RUSSIA,64.6863136,97.7453061,Russia
9,NEW YORK,40.7127281,-74.0060152,United States
9,KYIV,50.4500336,30.5241361,Ukraine
9,CHINA,35.000074,104.999927,China
9,BEIJING,39.906217,116.3912757,China
9,MOSCOW,55.7504461,37.6174943,Russia
9,MARIUPOL,47.0957648,37.5499621,Ukraine
9,STRASBOURG,48.584614,7.7507127,France
9,LOZOVA,48.8842428,36.3160254,Ukraine
9,POKROVSKE,47.9808528,36.2333808,Ukraine
9,CHERNOBYL,51.2705477,30.2195609,Ukraine
9,BELARUS,53.4250605,27.6971358,Belarus
9,POLAND,52.215933,19.134422,Poland
9,UNITED STATES,39.7837304,-100.445882,United States
9,GERMANY,51.0834196,10.4234469,Germany
9,TURKEY,38.9597594,34.9249653,Turkey
9,ARMENIA,40.7696272,44.6736646,Armenia
9,KAZAKHSTAN,47.2286086,65.2093197,Kazakhstan
9,TAJIKISTAN,38.6281733,70.8156541,Tajikistan
9,VIETNAM,13.2904027,108.4265113,Vietnam
9,KYRGYZSTAN,41.5089324,74.724091,Kyrgyzstan
9,UNITED KINGDOM,54.7023545,-3.2765753,United Kingdom
9,ZAPORIZHZHIA,47.8507859,35.1182867,Ukraine
9,GROSSI,44.6400119,8.6829999,Italy
9,ANTALYA,36.9009641,30.6954846,Turkey
9,BEETHOVEN,-34.476006,-58.7991805,Argentina
9,GEORGIA,32.3293809,-83.1137366,United States
9,HAGUE,46.0281748,-99.9982432,United States
9,PARIS,48.8588897,2.3200410217200766,France
9,KHARKIV,49.9923181,36.2310146,Ukraine
9,WASHINGTON,38.8950368,-77.0365427,United States
9,WARSAW,52.2319581,21.0067249,Poland
9,BERLIN,52.5170365,13.3888599,Germany
9,CANADA,61.0666922,-107.991707,Canada
9,IZIUM,49.1913721,37.2784125,Ukraine
9,LEYEN,51.2657654,7.5173367,Germany
9,IZYUM,49.2160489,37.3015645,Ukraine
9,HUNGARY,47.1817585,19.5060937,Hungary
9,LVIV,49.841952,24.0315921,Ukraine
9,LUHANSK,49.2724587,38.9150477,Ukraine
9,VAESSEN,52.4485927,5.900859,Netherlands
9,IRPIN,50.5206777,30.2448725,Ukraine
9,TEXAS,31.2638905,-98.5456116,United States
9,LEW YORK,53.8268598,-1.4334373,United Kingdom
9,SAN FRANCISCO,37.7790262,-122.419906,United States
9,DONBAS,49.4183248,17.310880143943606,Czechia
9,PUTIN,48.990259,13.8743671,Czechia
9,BLINKEN,70.6538402,23.6965447,Norway
9,THAILAND,14.8971921,100.83273,Thailand
9,BANGKOK,13.7525438,100.4934734,Thailand
9,OTTAWA,45.4211435,-75.6900574,Canada
9,ROSATOM,55.7398734,37.623267883183715,Russia
9,EUROPE,51.0,10.0,Germany
9,WESTERN,0.5090396,34.5731341,Kenya
10,UKRAINE,49.4871968,31.2718321,Ukraine
10,RUSSIA,64.6863136,97.7453061,Russia
10,MOSCOW,55.7504461,37.6174943,Russia
10,UNITED STATES,39.7837304,-100.445882,United States
10,SAUDI ARABIA,25.6242618,42.3528328,Saudi Arabia
10,IRAQ,33.0955793,44.1749775,Iraq
10,MARIUPOL,47.0957648,37.5499621,Ukraine
10,WARSAW,52.2319581,21.0067249,Poland
10,ROMANIA,45.9852129,24.6859225,Romania
10,UNITED KINGDOM,54.7023545,-3.2765753,United Kingdom
10,CHERNOBYL,51.2705477,30.2195609,Ukraine
10,BELARUS,53.4250605,27.6971358,Belarus
10,WASHINGTON,38.8950368,-77.0365427,United States
10,POLAND,52.215933,19.134422,Poland
10,LITHUANIA,55.3500003,23.7499997,Lithuania
10,FRANCE,46.603354,1.8883335,France
10,PARIS,48.8588897,2.3200410217200766,France
10,REECE,37.7989133,-96.4463999,United States
10,TURKEY,38.9597594,34.9249653,Turkey
10,ERDOGAN,39.4041073,43.2094967,Turkey
10,WASHINGTON DC,38.8950368,-77.0365427,United States
10,ZN,53.4057626,14.5293198,Poland
10,SPAIN,39.3260685,-4.8379791,Spain
10,SLOVENIA,45.8133113,14.4808369,Slovenia
10,MADRID,40.4167047,-3.7035825,Spain
10,BROVARY,50.5111168,30.7900482,Ukraine
10,LONDON,51.5073219,-0.1276474,United Kingdom
10,CHINA,35.000074,104.999927,China
10,BEIJING,39.906217,116.3912757,China
10,FINLAND,63.2467777,25.9209164,Finland
10,PUTIN,48.990259,13.8743671,Czechia
10,KYIV,50.4500336,30.5241361,Ukraine
10,VERSAILLES,48.8035403,2.1266886,France
10,BRUSSELS,50.8465573,4.351697,Belgium
10,MOLDOVA,47.2879608,28.5670941,Moldova
10,SLOVAKIA,48.7411522,19.4528646,Slovakia
10,HUNGARY,47.1817585,19.5060937,Hungary
10,LUHANSK,49.2724587,38.9150477,Ukraine
10,ANKARA,39.9207886,32.8540482,Turkey
10,ZHYTOMYR,50.9080532,28.3867504,Ukraine
10,CURACAO,12.21339425,-69.0408499890865,Netherlands
10,COLOMBIA,4.099917,-72.9088133,Colombia
10,SINGAPORE,1.357107,103.8194992,Singapore
10,JOHANSSON,66.101817,14.8463551,Sweden
10,AT,47.59397,14.12456,Austria
10,CHERNIHIV,51.272593,31.7417235,Ukraine
10,MIDDLE EAST,39.3014159,-76.5888477,United States
10,AFRICA,11.5024338,17.7578122,Chad
10,NORTH,40.3736611,127.0870417,North Korea
10,EUROPE,51.0,10.0,Germany
11,UKRAINE,49.4871968,31.2718321,Ukraine
11,PUTIN,48.990259,13.8743671,Czechia
11,MOSCOW,55.7504461,37.6174943,Russia
11,RUSSIA,64.6863136,97.7453061,Russia
11,TURKEY,38.9597594,34.9249653,Turkey
11,ANKARA,39.9207886,32.8540482,Turkey
11,KYIV,50.4500336,30.5241361,Ukraine
11,HUNGARY,47.1817585,19.5060937,Hungary
11,SAUDI ARABIA,25.6242618,42.3528328,Saudi Arabia
11,BULGARIA,42.6073975,25.4856617,Bulgaria
11,ENERGOATOM,50.4411258,30.4972454,Ukraine
11,UNITED STATES,39.7837304,-100.445882,United States
11,ROMANIA,45.9852129,24.6859225,Romania
11,WARSAW,52.2319581,21.0067249,Poland
11,POLAND,52.215933,19.134422,Poland
11,MARIUPOL,47.0957648,37.5499621,Ukraine
11,NOVOKODATSKY,48.4889608,34.9391349,Ukraine
11,CHERNOBYL,51.2705477,30.2195609,Ukraine
11,WASHINGTON,38.8950368,-77.0365427,United States
11,LONDON,51.5073219,-0.1276474,United Kingdom
11,LEYEN,51.2657654,7.5173367,Germany
11,VERSAILLES,48.8035403,2.1266886,France
11,UNITED KINGDOM,54.7023545,-3.2765753,United Kingdom
11,MOSCHUN,50.6046106,30.3081105,Ukraine
11,GENEVA,46.2017559,6.1466014,Switzerland
11,INTERFAX,4.8643962,-74.0502756,Colombia
11,ZN,53.4057626,14.5293198,Poland
11,VOLNOVAKHA,47.5984285,37.4998511,Ukraine
11,IRPIN,50.5206777,30.2448725,Ukraine
11,BELARUS,53.4250605,27.6971358,Belarus
11,CHINA,35.000074,104.999927,China
11,KAZAKH,43.913814,81.3271885,China
11,KAZAKHSTAN,47.2286086,65.2093197,Kazakhstan
11,BRITAIN,54.31536155,-1.9180234948012402,United Kingdom
11,FINLAND,63.2467777,25.9209164,Finland
11,ROC,43.1161699,-77.67269338979611,United States
11,SYRIA,34.6401861,39.0494106,Syria
11,DAMASCUS,33.5130695,36.3095814,Syria
11,DONBAS,49.4183248,17.310880143943606,Czechia
11,DONETSK,48.0158753,37.8013407,Ukraine
11,LUHANSK,49.2724587,38.9150477,Ukraine
11,LVIV,49.841952,24.0315921,Ukraine
11,CHERNIHIV,51.272593,31.7417235,Ukraine
11,GERMANY,51.0834196,10.4234469,Germany
11,SLOVAKIA,48.7411522,19.4528646,Slovakia
11,MALLNOW,52.4571526,14.4901521,Germany
11,KHARKIV,49.9923181,36.2310146,Ukraine
11,ANTALYA,36.9009641,30.6954846,Turkey
11,BRUSSELS,50.8465573,4.351697,Belgium
11,N KOREA,40.3736611,127.0870417,North Korea
11,NORTH KOREA,40.3736611,127.0870417,North Korea
11,KOREA,36.638392,127.6961188,South Korea
11,OLEKSANDRA,50.6009078,26.23828614742866,Ukraine
11,EUROPE,51.0,10.0,Germany
11,BUCHAREST,44.4361414,26.1027202,Romania
11,EASTERN EUROPE,41.836891800000004,22.52384962142576,North Macedonia
11,MIDDLE EAST,39.3014159,-76.5888477,United States
12,CROATIA,45.5643442,17.0118954,Croatia
12,ROMANIA,45.9852129,24.6859225,Romania
12,HUNGARY,47.1817585,19.5060937,Hungary
12,UKRAINE,49.4871968,31.2718321,Ukraine
12,RUSSIA,64.6863136,97.7453061,Russia
12,UNITED STATES,39.7837304,-100.445882,United States
12,ITALY,42.6384261,12.674297,Italy
12,NOBISKRUG,51.9741854,7.700897,Germany
12,GERMANY,51.0834196,10.4234469,Germany
12,WASHINGTON,38.8950368,-77.0365427,United States
12,MOSCOW,55.7504461,37.6174943,Russia
12,QATAR,25.3336984,51.2295295,Qatar
12,FRANCE,46.603354,1.8883335,France
12,IRPIN,50.5206777,30.2448725,Ukraine
12,VAESSEN,52.4485927,5.900859,Netherlands
12,UNITED KINGDOM,54.7023545,-3.2765753,United Kingdom
12,BELARUS,53.4250605,27.6971358,Belarus
12,CHERNIHIV,51.272593,31.7417235,Ukraine
12,VOLNOVAKHA,47.5984285,37.4998511,Ukraine
12,ROXOLANA,48.925366,24.718215649942152,Ukraine
12,TURKEY,38.9597594,34.9249653,Turkey
12,ISRAEL,31.5313113,34.8667654,Israel
12,CRIMEA,45.28350435,34.20081877526554,Ukraine
12,MELITOPOL,46.8400009,35.35786473485406,Ukraine
12,GUATEMALA,15.687100699999998,-90.12265453178017,Guatemala
12,MOLDOVA,47.2879608,28.5670941,Moldova
12,VASYLKIV,50.17387,30.32158,Ukraine
12,PEREMOHA,51.109478,34.369778,Ukraine
12,LUHANSK,49.2724587,38.9150477,Ukraine
12,KIEV,50.4500336,30.5241361,Ukraine
12,POLAND,52.215933,19.134422,Poland
12,CANADA,61.0666922,-107.991707,Canada
12,PARIS,48.8588897,2.3200410217200766,France
12,BERLIN,52.5170365,13.3888599,Germany
12,AMSTERDAM,52.3727598,4.8936041,Netherlands
12,SANTA CROCE,43.566906,12.0814524,Italy
12,FLORENCE ITALY,43.7698712,11.2555757,Italy
12,EUROPE,51.0,10.0,Germany
12,SUMY,50.90007875,34.809040734367024,Ukraine
12,MIDDLE EAST,39.3014159,-76.5888477,United States
12,EASTERN EUROPE,41.836891800000004,22.52384962142576,North Macedonia
12,KYIV,50.4500336,30.5241361,Ukraine
13,UKRAINE,49.4871968,31.2718321,Ukraine
13,RUSSIA,64.6863136,97.7453061,Russia
13,CHECHNYA,43.3976147,45.6985005,Russia
13,UNITED KINGDOM,54.7023545,-3.2765753,United Kingdom
13,POLAND,52.215933,19.134422,Poland
13,BRITAIN,54.31536155,-1.9180234948012402,United Kingdom
13,CRIMEA,45.28350435,34.20081877526554,Ukraine
13,GENEVA,46.2017559,6.1466014,Switzerland
13,UNITED STATES,39.7837304,-100.445882,United States
13,SAP,34.6401861,39.0494106,Syria
13,TURKEY,38.9597594,34.9249653,Turkey
13,GREECE,38.9953683,21.9877132,Greece
13,CHERNOBYL,51.2705477,30.2195609,Ukraine
13,MARIUPOL,47.0957648,37.5499621,Ukraine
13,CHINA,35.000074,104.999927,China
13,WASHINGTON,38.8950368,-77.0365427,United States
13,MOSCOW,55.7504461,37.6174943,Russia
13,BEIJING,39.906217,116.3912757,China
13,POPASNA,48.62995,38.36632,Ukraine
13,LUHANSK,49.2724587,38.9150477,Ukraine
13,ROME,41.8933203,12.4829321,Italy
13,LVIV,49.841952,24.0315921,Ukraine
13,STOLTENBERG,54.3437602,10.3461093,Germany
13,IRPIN,50.5206777,30.2448725,Ukraine
13,NEW YORK,40.7127281,-74.0060152,United States
13,ITALY,42.6384261,12.674297,Italy
13,EMILIA,51.9190352,19.3618696,Poland
13,PESCARA,42.3102619,13.95759010584892,Italy
13,SLOVENIA,45.8133113,14.4808369,Slovenia
13,ST PETER�,44.3238384,-93.9585295,United States
13,VATICAN CITY,41.903411,12.4528527,Vatican City
13,ROME FRANCIS,41.788621,12.6693663,Italy
13,CORTINA,43.7070273,11.6858483,Italy
13,DONETSK,48.0158753,37.8013407,Ukraine
13,QATAR,25.3336984,51.2295295,Qatar
13,DMYTRO,47.9347712,32.7916172,Ukraine
13,WARSAW,52.2319581,21.0067249,Poland
13,BELGOROD,50.5955595,36.5873394,Russia
13,RIVNE,51.2074112,26.5208033,Ukraine
13,BLINKEN,70.6538402,23.6965447,Norway
13,CHORNOBYL,51.2705477,30.2195609,Ukraine
13,EUROPE,51.0,10.0,Germany
14,UNITED STATES,39.7837304,-100.445882,United States
14,RUSSIA,64.6863136,97.7453061,Russia
14,UKRAINE,49.4871968,31.2718321,Ukraine
14,CHERNOBYL,51.2705477,30.2195609,Ukraine
14,FRANCE,46.603354,1.8883335,France
14,UNITED ARAB EMIRATES,24.0002488,53.9994829,United Arab Emirates
14,DUBAI,25.2653471,55.2924914,United Arab Emirates
14,RIVNE,51.2074112,26.5208033,Ukraine
14,CHINA,35.000074,104.999927,China
14,ROME,41.8933203,12.4829321,Italy
14,MOSCOW,55.7504461,37.6174943,Russia
14,STRASBOURG,48.584614,7.7507127,France
14,LUHANSK,49.2724587,38.9150477,Ukraine
14,BERDIANSK,46.755678,36.7887623,Ukraine
14,NEW ZEALAND,-41.5000831,172.8344077,New Zealand
14,DONBAS,49.4183248,17.310880143943606,Czechia
14,CRIMEA,45.28350435,34.20081877526554,Ukraine
14,DONETSK,48.0158753,37.8013407,Ukraine
14,JAPAN,36.5748441,139.2394179,Japan
14,VAESSEN,52.4485927,5.900859,Netherlands
14,TURKEY,38.9597594,34.9249653,Turkey
14,ANKARA,39.9207886,32.8540482,Turkey
14,IRAQ,33.0955793,44.1749775,Iraq
14,LEBANON,33.8750629,35.843409,Lebanon
14,SYRIA,34.6401861,39.0494106,Syria
14,YEMEN,16.3471243,47.8915271,Yemen
14,BULGARIA,42.6073975,25.4856617,Bulgaria
14,BRUSSELS,50.8465573,4.351697,Belgium
14,SLOVAKIA,48.7411522,19.4528646,Slovakia
14,ISRAEL,31.5313113,34.8667654,Israel
14,TEL AVIV,32.0852997,34.7818064,Israel
14,CHECHNYA,43.3976147,45.6985005,Russia
14,KYIV,50.4500336,30.5241361,Ukraine
14,BELARUS,53.4250605,27.6971358,Belarus
14,BERDYANSK,46.755678,36.7887623,Ukraine
14,IRAN,32.6475314,54.5643516,Iran
14,KHARKIV,49.9923181,36.2310146,Ukraine
14,GREECE,38.9953683,21.9877132,Greece
14,ATHENS,37.9839412,23.7283052,Greece
14,SPAIN,39.3260685,-4.8379791,Spain
14,BARCELONA,41.3828939,2.1774322,Spain
14,VENEZUELA,8.0018709,-66.1109318,Venezuela
14,WASHINGTON,38.8950368,-77.0365427,United States
14,CARACAS,10.506098,-66.9146017,Venezuela
14,ZHYTOMYR,50.9080532,28.3867504,Ukraine
14,BEIJING,39.906217,116.3912757,China
14,LVIV,49.841952,24.0315921,Ukraine
14,POLAND,52.215933,19.134422,Poland
14,IRPIN,50.5206777,30.2448725,Ukraine
14,UNITED KINGDOM,54.7023545,-3.2765753,United Kingdom
14,WASHINGTON DC,38.8950368,-77.0365427,United States
14,NORTH AFRICA,13.45911,-2.2496367403016495,Burkina Faso
14,TUNISIA,33.8439408,9.400138,Tunisia
14,TALKS,38.2407992,21.7337868,Greece
14,EUROPE,51.0,10.0,Germany
14,WESTERN,0.5090396,34.5731341,Kenya
14,MIDDLE EAST,39.3014159,-76.5888477,United States
15,UKRAINE,49.4871968,31.2718321,Ukraine
15,RUSSIA,64.6863136,97.7453061,Russia
15,CHERNOBYL,51.2705477,30.2195609,Ukraine
15,MYKOLAIV CITY,46.9758615,31.9939666,Ukraine
15,GENEVA,46.2017559,6.1466014,Switzerland
15,BRUSSELS,50.8465573,4.351697,Belgium
15,UNITED STATES,39.7837304,-100.445882,United States
15,MOSCOW,55.7504461,37.6174943,Russia
15,WASHINGTON,38.8950368,-77.0365427,United States
15,CHINA,35.000074,104.999927,China
15,BEIJING,39.906217,116.3912757,China
15,POLAND,52.215933,19.134422,Poland
15,UNITED KINGDOM,54.7023545,-3.2765753,United Kingdom
15,HUNGARY,47.1817585,19.5060937,Hungary
15,BELARUS,53.4250605,27.6971358,Belarus
15,BALI,48.8588897,2.3200410217200766,France
15,BERDYANSK,46.755678,36.7887623,Ukraine
15,JAPAN,36.5748441,139.2394179,Japan
15,KHARKIV,49.9923181,36.2310146,Ukraine
15,LVIV,49.841952,24.0315921,Ukraine
15,KAZAKHSTAN,47.2286086,65.2093197,Kazakhstan
15,KYRGYZSTAN,41.5089324,74.724091,Kyrgyzstan
15,ANKARA,39.9207886,32.8540482,Turkey
15,FRANCE,46.603354,1.8883335,France
15,SPAIN,39.3260685,-4.8379791,Spain
15,ASIA,51.2086975,89.2343748,Russia
15,LONDON,51.5073219,-0.1276474,United Kingdom
15,SYRIA,34.6401861,39.0494106,Syria
15,GERMANY,51.0834196,10.4234469,Germany
15,ITALY,42.6384261,12.674297,Italy
15,SAUDI ARABIA,25.6242618,42.3528328,Saudi Arabia
15,POLAND CZECH REPUBLIC,52.4549189,16.8746096,Poland
15,SLOVENIA,45.8133113,14.4808369,Slovenia
15,CZECH REPUBLIC,49.8167003,15.4749544,Czechia
15,MALLNOW,52.4571526,14.4901521,Germany
15,CZECH REPUBLIC POLAND,52.4549189,16.8746096,Poland
15,KYIV,50.4500336,30.5241361,Ukraine
15,PODILSK,47.7497422,29.5304957,Ukraine
15,VOLNOVAKHA,47.5984285,37.4998511,Ukraine
15,CHECHNYA,43.3976147,45.6985005,Russia
15,MARIUPOL,47.0957648,37.5499621,Ukraine
15,TELEGRAM,54.5395787,-5.5007543,United Kingdom
15,BLINKEN,70.6538402,23.6965447,Norway
15,PORT CITY,16.5508009,107.64216868833878,Vietnam
15,TURKEY,38.9597594,34.9249653,Turkey
15,STRASBOURG,48.584614,7.7507127,France
15,RIVNE,51.2074112,26.5208033,Ukraine
15,JORDAN,31.1667049,36.941628,Jordan
15,BERLIN,52.5170365,13.3888599,Germany
15,CANADA,61.0666922,-107.991707,Canada
15,OTTAWA,45.4211435,-75.6900574,Canada
15,PARIS,48.8588897,2.3200410217200766,France
15,PA,8.559559,-81.1308434,Panama
15,RUBIZHNE,49.0222573,38.3667937,Ukraine
15,BUG RIVER,51.5347566,23.5646822,Poland
15,EUROPE,51.0,10.0,Germany
15,EAST,12.2527495,0.8736106,Burkina Faso
15,SEA OF,40.881735899999995,40.27544376928809,Turkey
16,UKRAINE,49.4871968,31.2718321,Ukraine
16,KYIV,50.4500336,30.5241361,Ukraine
16,CHERNIHIV,51.272593,31.7417235,Ukraine
16,UNITED STATES,39.7837304,-100.445882,United States
16,TUZLA,44.5391105,18.675193,Bosnia and Herzegovina
16,RUSSIA,64.6863136,97.7453061,Russia
16,AUSTRALIA,-24.7761086,134.755,Australia
16,UNITED KINGDOM,54.7023545,-3.2765753,United Kingdom
16,CANADA,61.0666922,-107.991707,Canada
16,GERMANY,51.0834196,10.4234469,Germany
16,FRANCE,46.603354,1.8883335,France
16,ITALY,42.6384261,12.674297,Italy
16,JAPAN,36.5748441,139.2394179,Japan
16,TURKEY,38.9597594,34.9249653,Turkey
16,POLAND,52.215933,19.134422,Poland
16,MARIUPOL,47.0957648,37.5499621,Ukraine
16,MOSCOW,55.7504461,37.6174943,Russia
16,BRUSSELS,50.8465573,4.351697,Belgium
16,GEORGIA,32.3293809,-83.1137366,United States
16,FINLAND,63.2467777,25.9209164,Finland
16,BELARUS,53.4250605,27.6971358,Belarus
16,MUNICH,48.1371079,11.5753822,Germany
16,WASHINGTON,38.8950368,-77.0365427,United States
16,KHARKIV,49.9923181,36.2310146,Ukraine
16,PORTUGAL,40.0332629,-7.8896263,Portugal
16,SEPHARDIC,31.774586550000002,35.23158915726452,Israel
16,CZECH REPUBLIC,49.8167003,15.4749544,Czechia
16,SLOVENIA,45.8133113,14.4808369,Slovenia
16,AUSTRIA,47.59397,14.12456,Austria
16,SWEDEN,59.6749712,14.5208584,Sweden
16,PARIS,48.8588897,2.3200410217200766,France
16,MELITOPOL,46.8400009,35.35786473485406,Ukraine
16,URSULA,-48.0348451,-75.15942769448415,Chile
16,BRITAIN,54.31536155,-1.9180234948012402,United Kingdom
16,SYRIA,34.6401861,39.0494106,Syria
16,SAUDI ARABIA,25.6242618,42.3528328,Saudi Arabia
16,UNITED ARAB EMIRATES,24.0002488,53.9994829,United Arab Emirates
16,UAE,24.0002488,53.9994829,United Arab Emirates
16,KHARKIV CITY,49.99221885,36.272354296005254,Ukraine
16,LVIV,49.841952,24.0315921,Ukraine
16,CHINA,35.000074,104.999927,China
16,TAIWAN,23.9739374,120.9820179,Taiwan
16,BEIJING,39.906217,116.3912757,China
16,PUTIN,48.990259,13.8743671,Czechia
16,ZAPORIZHZHIA,47.8507859,35.1182867,Ukraine
16,RIVNE,51.2074112,26.5208033,Ukraine
16,CHERKASY,49.3402711,31.610320733574746,Ukraine
16,BERLIN,52.5170365,13.3888599,Germany
16,ALBANIA,41.000028,19.9999619,Albania
16,NORWAY,60.5000209,9.0999715,Norway
16,IRELAND,52.865196,-7.9794599,Ireland
16,VIENNA,48.2083537,16.3725042,Austria
16,EASTERN EUROPE,41.836891800000004,22.52384962142576,North Macedonia
16,EUROPE,51.0,10.0,Germany
16,TWEET,40.2116978,-8.4234878,Portugal
16,HORENKA,50.5595665,30.3122576,Ukraine
17,RUSSIA,64.6863136,97.7453061,Russia
17,AFGHANISTAN,33.7680065,66.2385139,Afghanistan
17,CHECHNYA,43.3976147,45.6985005,Russia
17,LONDON,51.5073219,-0.1276474,United Kingdom
17,CHINA,35.000074,104.999927,China
17,UKRAINE,49.4871968,31.2718321,Ukraine
17,UNITED STATES,39.7837304,-100.445882,United States
17,UNITED KINGDOM,54.7023545,-3.2765753,United Kingdom
17,MOSCOW,55.7504461,37.6174943,Russia
17,GERMANY,51.0834196,10.4234469,Germany
17,BERLIN,52.5170365,13.3888599,Germany
17,TURKEY,38.9597594,34.9249653,Turkey
17,LVIV,49.841952,24.0315921,Ukraine
17,FRANCE,46.603354,1.8883335,France
17,WASHINGTON,38.8950368,-77.0365427,United States
17,BEIJING,39.906217,116.3912757,China
17,INFLUX,-23.3188829,-51.16288613551502,Brazil
17,CANADA,61.0666922,-107.991707,Canada
17,OTTAWA,45.4211435,-75.6900574,Canada
17,BLINKEN,70.6538402,23.6965447,Norway
17,BRITAIN,54.31536155,-1.9180234948012402,United Kingdom
17,ENGLAND,52.5310214,-1.2649062,United Kingdom
17,PANAMA,8.559559,-81.1308434,Panama
17,JAPAN,36.5748441,139.2394179,Japan
17,INTERFAX,4.8643962,-74.0502756,Colombia
17,BELARUS,53.4250605,27.6971358,Belarus
17,SWITCHBLADE,41.1760753,-104.7728888,United States
17,INDIA,22.3511148,78.6677428,India
17,ITALY,42.6384261,12.674297,Italy
17,MARIUPOL,47.0957648,37.5499621,Ukraine
17,CHERNIHIV,51.272593,31.7417235,Ukraine
17,UNITED ARAB EMIRATES,24.0002488,53.9994829,United Arab Emirates
17,SYRIA,34.6401861,39.0494106,Syria
17,YEMEN,16.3471243,47.8915271,Yemen
17,IRAN,32.6475314,54.5643516,Iran
17,BRUSSELS,50.8465573,4.351697,Belgium
17,AUSTRALIA,-24.7761086,134.755,Australia
17,QATAR,25.3336984,51.2295295,Qatar
17,BULGARIA,42.6073975,25.4856617,Bulgaria
17,ESTONIA,58.7523778,25.3319078,Estonia
17,NETHERLANDS,52.15517,5.38721,Netherlands
17,ZHYTOMYR,50.9080532,28.3867504,Ukraine
17,HUNGARY,47.1817585,19.5060937,Hungary
17,ROMANIA,45.9852129,24.6859225,Romania
17,POLAND,52.215933,19.134422,Poland
17,NORWAY,60.5000209,9.0999715,Norway
17,MOLDOVA,47.2879608,28.5670941,Moldova
17,WARSAW,52.2319581,21.0067249,Poland
17,SLOVAKIA,48.7411522,19.4528646,Slovakia
17,THIEBAUT,47.9962368,6.7045355,France
17,EUROPE,51.0,10.0,Germany
17,MARS,45.022172,4.3221548,France
17,AFRICA,11.5024338,17.7578122,Chad
17,MIDDLE EAST,39.3014159,-76.5888477,United States
17,KHARKIV,49.9923181,36.2310146,Ukraine
18,UKRAINE,49.4871968,31.2718321,Ukraine
18,RUSSIA,64.6863136,97.7453061,Russia
18,MOSCOW,55.7504461,37.6174943,Russia
18,UNITED STATES,39.7837304,-100.445882,United States
18,SUDAN,14.5844444,29.4917691,Sudan
18,KHARTOUM,15.5635972,32.5349123,Sudan
18,POLAND,52.215933,19.134422,Poland
18,BULGARIA,42.6073975,25.4856617,Bulgaria
18,SOFIA,-15.2538402,48.2562163,Madagascar
18,WARSAW,52.2319581,21.0067249,Poland
18,NIGERIA,9.6000359,7.9999721,Nigeria
18,MARIUPOL,47.0957648,37.5499621,Ukraine
18,LVIV,49.841952,24.0315921,Ukraine
18,BELARUS,53.4250605,27.6971358,Belarus
18,CHERNIHIV,51.272593,31.7417235,Ukraine
18,EVELETH,47.462761,-92.538824,United States
18,MINNESOTA,45.9896587,-94.6113288,United States
18,CHINA,35.000074,104.999927,China
18,BEIJING,39.906217,116.3912757,China
18,LUHANSK,49.2724587,38.9150477,Ukraine
18,LATVIA,56.8406494,24.7537645,Latvia
18,ESTONIA,58.7523778,25.3319078,Estonia
18,LITHUANIA,55.3500003,23.7499997,Lithuania
18,LONDON,51.5073219,-0.1276474,United Kingdom
18,CROYDON,51.3713049,-0.101957,United Kingdom
18,UNITED KINGDOM,54.7023545,-3.2765753,United Kingdom
18,IRELAND,52.865196,-7.9794599,Ireland
18,GREAT BRITAIN,54.31536155,-1.9180234948012402,United Kingdom
18,JAPAN,36.5748441,139.2394179,Japan
18,MACRON,41.0062945,39.7273072,Turkey
18,DONBAS,49.4183248,17.310880143943606,Czechia
18,SWEDEN,59.6749712,14.5208584,Sweden
18,AUSTRIA,47.59397,14.12456,Austria
18,TURKEY,38.9597594,34.9249653,Turkey
18,NORWAY,60.5000209,9.0999715,Norway
18,SLOVAKIA,48.7411522,19.4528646,Slovakia
18,GERMANY,51.0834196,10.4234469,Germany
18,KRAMATORSK,48.7389415,37.5843812,Ukraine
18,KHARKIV CITY,49.99221885,36.272354296005254,Ukraine
18,SYRIA,34.6401861,39.0494106,Syria
18,ITALY,42.6384261,12.674297,Italy
18,SAUDI ARABIA,25.6242618,42.3528328,Saudi Arabia
18,AUSTRALIA,-24.7761086,134.755,Australia
18,DONETSK,48.0158753,37.8013407,Ukraine
18,MAKIYIVKA,48.0448144,37.9635093,Ukraine
18,CRIMEA,45.28350435,34.20081877526554,Ukraine
18,SCHOLZ,51.86566365,9.094225016240884,Germany
18,MELITOPOL,46.8400009,35.35786473485406,Ukraine
18,LEYEN,51.2657654,7.5173367,Germany
18,MONTANA,47.3752671,-109.638757,United States
18,PODIL,50.469128,30.516624,Ukraine
18,UNITED STATE,-37.7476974,145.022227,Australia
18,PRC,35.000074,104.999927,China
18,BRATISLAVA,48.1516988,17.1093063,Slovakia
18,WASHINGTON DC,38.8950368,-77.0365427,United States
18,FRANCE,46.603354,1.8883335,France
18,ELYSEE,4.7530415,-54.0449534,France
18,ALBANIA,41.000028,19.9999619,Albania
18,SUMY,50.90007875,34.809040734367024,Ukraine
18,EUROPE,51.0,10.0,Germany
18,EASTERN EUROPE,41.836891800000004,22.52384962142576,North Macedonia
18,EAST COAST,-38.1532287,178.1367523749267,New Zealand
19,UKRAINE,49.4871968,31.2718321,Ukraine
19,INDIA,22.3511148,78.6677428,India
19,JAPAN,36.5748441,139.2394179,Japan
19,NEW DELHI,28.6138954,77.2090057,India
19,MODI,28.31079015,83.71627050465048,Nepal
19,UNITED STATES,39.7837304,-100.445882,United States
19,RUSSIA,64.6863136,97.7453061,Russia
19,TOKYO,35.6828387,139.7594549,Japan
19,QUAD,52.923197,-1.4754831099025507,United Kingdom
19,AUSTRALIA,-24.7761086,134.755,Australia
19,MOSCOW,55.7504461,37.6174943,Russia
19,CHINA,35.000074,104.999927,China
19,BEIJING,39.906217,116.3912757,China
19,CZECH REPUBLIC,49.8167003,15.4749544,Czechia
19,POLAND,52.215933,19.134422,Poland
19,HOPING,52.720077450000005,8.166857904830547,Germany
19,WARSAW,52.2319581,21.0067249,Poland
19,HAJNOWKA,52.731735549999996,23.571247984159466,Poland
19,KROSCIENKO,49.4783429,22.6682494,Poland
19,LUHANSK,49.2724587,38.9150477,Ukraine
19,SWITZERLAND,46.7985624,8.2319736,Switzerland
19,KRAINE,27.6492632,49.8195466,Saudi Arabia
19,UAE,24.0002488,53.9994829,United Arab Emirates
19,SAUDI ARABIA,25.6242618,42.3528328,Saudi Arabia
19,MEXICO,23.6585116,-102.0077097,Mexico
19,SOFIA,-15.2538402,48.2562163,Madagascar
19,BRUSSELS,50.8465573,4.351697,Belgium
19,UNITED KINGDOM,54.7023545,-3.2765753,United Kingdom
19,BLACKPOOL,53.8182212,-3.0564845,United Kingdom
19,ENGLAND,52.5310214,-1.2649062,United Kingdom
19,LONDON,51.5073219,-0.1276474,United Kingdom
19,BULGARIA,42.6073975,25.4856617,Bulgaria
19,CRIMEA,45.28350435,34.20081877526554,Ukraine
19,NORWAY,60.5000209,9.0999715,Norway
19,YUGOSLAVIA,23.04123655,-81.52614194734898,Cuba
19,IRAQ,33.0955793,44.1749775,Iraq
19,SYRIA,34.6401861,39.0494106,Syria
19,AFGHANISTAN,33.7680065,66.2385139,Afghanistan
19,LVIV,49.841952,24.0315921,Ukraine
19,TAIWAN,23.9739374,120.9820179,Taiwan
19,WASHINGTON,38.8950368,-77.0365427,United States
19,MARIUPOL,47.0957648,37.5499621,Ukraine
19,IZYUM,49.2160489,37.3015645,Ukraine
19,GERMANY,51.0834196,10.4234469,Germany
19,QATAR,25.3336984,51.2295295,Qatar
19,HABECK,42.323332,-73.646609,United States
19,TURKEY,38.9597594,34.9249653,Turkey
19,DONBAS,49.4183248,17.310880143943606,Czechia
19,BELARUS,53.4250605,27.6971358,Belarus
19,ANTALYA,36.9009641,30.6954846,Turkey
19,EUROPE,51.0,10.0,Germany
19,NATIONAL STADIUM,39.99152275,116.39028241977488,China
19,GRUPA,50.5966103,20.4072344,Poland
19,GRANICA,51.4711028,21.8119833,Poland
20,RUSSIA,64.6863136,97.7453061,Russia
20,MOSCOW,55.7504461,37.6174943,Russia
20,UKRAINE,49.4871968,31.2718321,Ukraine
20,UNITED KINGDOM,54.7023545,-3.2765753,United Kingdom
20,ISRAEL,31.5313113,34.8667654,Israel
20,JERUSALEM,31.79592425,35.21198075969497,Israel
20,TEL AVIV,32.0852997,34.7818064,Israel
20,UNITED STATES,39.7837304,-100.445882,United States
20,ST PETER�,44.3238384,-93.9585295,United States
20,VATICAN CITY,41.903411,12.4528527,Vatican City
20,ROME,41.8933203,12.4829321,Italy
20,JAPAN,36.5748441,139.2394179,Japan
20,UAE,24.0002488,53.9994829,United Arab Emirates
20,UNITED ARAB EMIRATES,24.0002488,53.9994829,United Arab Emirates
20,GERMANY,51.0834196,10.4234469,Germany
20,SWITZERLAND,46.7985624,8.2319736,Switzerland
20,IRPIN,50.5206777,30.2448725,Ukraine
20,AUSTRALIA,-24.7761086,134.755,Australia
20,BERLIN,52.5170365,13.3888599,Germany
20,SLOVAKIA,48.7411522,19.4528646,Slovakia
20,LUHANSK,49.2724587,38.9150477,Ukraine
20,KREMINNA,49.0463189,38.2178525,Ukraine
20,SVATOVE,49.4150599,38.1551287,Ukraine
20,LVIV,49.841952,24.0315921,Ukraine
20,BELARUS,53.4250605,27.6971358,Belarus
20,VOLYN,51.5451167,24.6627893,Ukraine
20,GREECE,38.9953683,21.9877132,Greece
20,MARIUPOL,47.0957648,37.5499621,Ukraine
20,ROMANIA,45.9852129,24.6859225,Romania
20,MOLDAVIA,47.2879608,28.5670941,Moldova
20,CRIMEA,45.28350435,34.20081877526554,Ukraine
20,BOBRYK,50.673752,33.50658,Ukraine
20,BROVARY,50.5111168,30.7900482,Ukraine
20,PODILSKYI,48.6784597,26.5852225,Ukraine
20,ZAPORIZHZHIA CITY,47.8507859,35.1182867,Ukraine
20,ITALY,42.6384261,12.674297,Italy
20,TURKEY,38.9597594,34.9249653,Turkey
20,POLAND,52.215933,19.134422,Poland
20,CHERNOBYL,51.2705477,30.2195609,Ukraine
20,CHINA,35.000074,104.999927,China
20,BEIJING,39.906217,116.3912757,China
20,FRANCE,46.603354,1.8883335,France
20,PARIS,48.8588897,2.3200410217200766,France
20,KYIV,50.4500336,30.5241361,Ukraine
20,KHARKIV,49.9923181,36.2310146,Ukraine
20,BRITAIN,54.31536155,-1.9180234948012402,United Kingdom
20,QATAR,25.3336984,51.2295295,Qatar
20,DOHA,25.2856329,51.5264162,Qatar
20,ANTALYA,36.9009641,30.6954846,Turkey
20,GULF,29.9665252,-85.2175889,United States
20,PODILSK,47.7497422,29.5304957,Ukraine
20,EUROPE,51.0,10.0,Germany
20,SVIATOSHYN,50.4576865,30.3883951,Ukraine
21,UKRAINE,49.4871968,31.2718321,Ukraine
21,UNITED STATES,39.7837304,-100.445882,United States
21,RUSSIA,64.6863136,97.7453061,Russia
21,IRAN,32.6475314,54.5643516,Iran
21,WASHINGTON,38.8950368,-77.0365427,United States
21,MARIUPOL,47.0957648,37.5499621,Ukraine
21,MOSCOW,55.7504461,37.6174943,Russia
21,PODILSKYI,48.6784597,26.5852225,Ukraine
21,RETROVILLE,50.5036116,30.41658098797076,Ukraine
21,ESTONIA,58.7523778,25.3319078,Estonia
21,TATYANA,30.6395552,77.6377952,India
21,BERDYANSK,46.755678,36.7887623,Ukraine
21,NEW ZEALAND,-41.5000831,172.8344077,New Zealand
21,NEW ZEALAND DOLLARS,-41.2741944,173.284475,New Zealand
21,BORRELL,41.3751759,2.1668331,Spain
21,FRANCE,46.603354,1.8883335,France
21,JERUSALEM,31.79592425,35.21198075969497,Israel
21,ISRAEL,31.5313113,34.8667654,Israel
21,SLOVENIA,45.8133113,14.4808369,Slovenia
21,CHINA,35.000074,104.999927,China
21,TURKEY,38.9597594,34.9249653,Turkey
21,CHERNOBYL,51.2705477,30.2195609,Ukraine
21,STANYCHNO,48.6423257,39.4991172,Ukraine
21,BODRUM,37.0664467,27.484418184610497,Turkey
21,POLAND,52.215933,19.134422,Poland
21,WASHINGTON DC,38.8950368,-77.0365427,United States
21,BRUSSELS,50.8465573,4.351697,Belgium
21,WARSAW,52.2319581,21.0067249,Poland
21,JAPAN,36.5748441,139.2394179,Japan
21,TOKYO,35.6828387,139.7594549,Japan
21,LVIV,49.841952,24.0315921,Ukraine
21,UNITED KINGDOM,54.7023545,-3.2765753,United Kingdom
21,GERMANY,51.0834196,10.4234469,Germany
21,ITALY,42.6384261,12.674297,Italy
21,EGYPT,26.2540493,29.2675469,Egypt
21,CHERNIHIV,51.272593,31.7417235,Ukraine
21,ZHYTOMYR,50.9080532,28.3867504,Ukraine
21,AMMONIA,40.64244395,22.882744600000002,Greece
21,UNITED ARAB EMIRATES,24.0002488,53.9994829,United Arab Emirates
21,SAUDI ARABIA,25.6242618,42.3528328,Saudi Arabia
21,UAE,24.0002488,53.9994829,United Arab Emirates
21,LITHUANIA,55.3500003,23.7499997,Lithuania
21,SWEDEN,59.6749712,14.5208584,Sweden
21,VILNIUS,54.6870458,25.2829111,Lithuania
21,BERLIN,52.5170365,13.3888599,Germany
21,MOLDOVA,47.2879608,28.5670941,Moldova
21,ROMANIA,45.9852129,24.6859225,Romania
21,SATOYA,-21.1294452,-65.3012899,Bolivia
21,LUHANSK,49.2724587,38.9150477,Ukraine
21,LONDON,51.5073219,-0.1276474,United Kingdom
21,HOLOCAUST,49.6089657,6.1317644,Luxembourg
21,BUCHENWALD,50.790152,15.2703757,Czechia
21,EUROPE,51.0,10.0,Germany
21,NORTHERN TERRITORIES,61.3521936,-117.652164,Canada
21,MIDDLE EAST,39.3014159,-76.5888477,United States
22,UKRAINE,49.4871968,31.2718321,Ukraine
22,RUSSIA,64.6863136,97.7453061,Russia
22,CRIMEA,45.28350435,34.20081877526554,Ukraine
22,DONBAS,49.4183248,17.310880143943606,Czechia
22,MOLDOVA,47.2879608,28.5670941,Moldova
22,ODESA,46.4843023,30.7322878,Ukraine
22,MARIUPOL,47.0957648,37.5499621,Ukraine
22,UNITED STATES,39.7837304,-100.445882,United States
22,SULLIVAN,41.7156311,-74.7804323,United States
22,MOSCOW,55.7504461,37.6174943,Russia
22,JAPAN,36.5748441,139.2394179,Japan
22,CANADA,61.0666922,-107.991707,Canada
22,ISRAEL,31.5313113,34.8667654,Israel
22,INDIA,22.3511148,78.6677428,India
22,WASHINGTON,38.8950368,-77.0365427,United States
22,AUSTRALIA,-24.7761086,134.755,Australia
22,MELITOPOL,46.8400009,35.35786473485406,Ukraine
22,CHINA,35.000074,104.999927,China
22,LONDON,51.5073219,-0.1276474,United Kingdom
22,ST,50.0601579,13.83074794209991,Czechia
22,POLAND,52.215933,19.134422,Poland
22,ROMANIA,45.9852129,24.6859225,Romania
22,NETHERLANDS,52.15517,5.38721,Netherlands
22,BELARUS,53.4250605,27.6971358,Belarus
22,SPEEDO,51.4380781,0.2702485,United Kingdom
22,TOKYO,35.6828387,139.7594549,Japan
22,UNITED KINGDOM,54.7023545,-3.2765753,United Kingdom
22,BRITAIN,54.31536155,-1.9180234948012402,United Kingdom
22,SUMY,50.90007875,34.809040734367024,Ukraine
22,LEBANON,33.8750629,35.843409,Lebanon
22,EGYPT,26.2540493,29.2675469,Egypt
22,YEMEN,16.3471243,47.8915271,Yemen
22,FRANCE,46.603354,1.8883335,France
22,SAUDI ARABIA,25.6242618,42.3528328,Saudi Arabia
22,LVIV,49.841952,24.0315921,Ukraine
22,KRAMATORSK,48.7389415,37.5843812,Ukraine
22,MEXICO,23.6585116,-102.0077097,Mexico
22,SOUTH AFRICA,-28.8166236,24.991639,South Africa
22,NORTH KOREA,40.3736611,127.0870417,North Korea
22,KYIV,50.4500336,30.5241361,Ukraine
22,LYSYCHANSK,48.917267,38.4285981,Ukraine
22,BRUSSELS,50.8465573,4.351697,Belgium
22,TENNESSEE,35.7730076,-86.2820081,United States
22,LUHANSK,49.2724587,38.9150477,Ukraine
22,HAYDAY,51.5186221,0.0191207,United Kingdom
22,SEVERODONETSK,48.9477095,38.4936024,Ukraine
22,GENEVA,46.2017559,6.1466014,Switzerland
22,TURKEY,38.9597594,34.9249653,Turkey
22,ANKARA,39.9207886,32.8540482,Turkey
22,ITALY,42.6384261,12.674297,Italy
22,GERMANY,51.0834196,10.4234469,Germany
22,PARIS,48.8588897,2.3200410217200766,France
22,BERLIN,52.5170365,13.3888599,Germany
22,AUSTRIA,47.59397,14.12456,Austria
22,PAVLOHRAD,48.5317201,35.8703535,Ukraine
22,IRPIN,50.5206777,30.2448725,Ukraine
22,WASHINGTON DC,38.8950368,-77.0365427,United States
22,WARSAW,52.2319581,21.0067249,Poland
22,NEW YORK,40.7127281,-74.0060152,United States
22,REPUBLIC OF MOLDOVA,47.2879608,28.5670941,Moldova
22,DONETSK,48.0158753,37.8013407,Ukraine
22,BRAZIL,-10.3333333,-53.2,Brazil
22,MORAES,-31.3941885,-53.1169784,Brazil
22,SAO PAULO,-23.5506507,-46.6333824,Brazil
22,HUNGARY,47.1817585,19.5060937,Hungary
22,EUROPE,51.0,10.0,Germany
22,PACIFIC,47.2640129,-122.2485492,United States
22,NORTHERN TERRITORIES,61.3521936,-117.652164,Canada
22,INTERFAX,4.8643962,-74.0502756,Colombia
22,CHERNIHIV,51.272593,31.7417235,Ukraine
22,NOVOSELIVKA,49.07541,37.69735,Ukraine
22,PENINSULA,48.870745,2.2933072,France
23,UKRAINE,49.4871968,31.2718321,Ukraine
23,RUSSIA,64.6863136,97.7453061,Russia
23,MOSCOW,55.7504461,37.6174943,Russia
23,UNITED STATES,39.7837304,-100.445882,United States
23,LUHANSK,49.2724587,38.9150477,Ukraine
23,RUBIZHNE,49.0222573,38.3667937,Ukraine
23,PAKISTAN,30.3308401,71.247499,Pakistan
23,CHINA,35.000074,104.999927,China
23,BRUSSELS,50.8465573,4.351697,Belgium
23,WASHINGTON,38.8950368,-77.0365427,United States
23,NEW YORK,40.7127281,-74.0060152,United States
23,INDONESIA,-2.4833826,117.8902853,Indonesia
23,JAKARTA,-6.1753942,106.827183,Indonesia
23,RIVNE,51.2074112,26.5208033,Ukraine
23,LIVOBEREZHNYI,47.1145914,37.6543961,Ukraine
23,UNITED KINGDOM,54.7023545,-3.2765753,United Kingdom
23,JAPAN,36.5748441,139.2394179,Japan
23,CANADA,61.0666922,-107.991707,Canada
23,AUSTRALIA,-24.7761086,134.755,Australia
23,QATAR,25.3336984,51.2295295,Qatar
23,FINLAND,63.2467777,25.9209164,Finland
23,SOUTH KOREA,36.638392,127.6961188,South Korea
23,SWEDEN,59.6749712,14.5208584,Sweden
23,NEE,42.6878617,-2.9421567,Spain
23,SETAE,35.0315917,126.9444028,South Korea
23,CHERNIHIV,51.272593,31.7417235,Ukraine
23,KYIV,50.4500336,30.5241361,Ukraine
23,GERMANY,51.0834196,10.4234469,Germany
23,KHARKIV,49.9923181,36.2310146,Ukraine
23,MARIUPOL,47.0957648,37.5499621,Ukraine
23,NEW YORK CITY,40.7127281,-74.0060152,United States
23,POLAND,52.215933,19.134422,Poland
23,WARSAW,52.2319581,21.0067249,Poland
23,BRITAIN,54.31536155,-1.9180234948012402,United Kingdom
23,PESKOV,53.732456,62.39222,Kazakhstan
23,FRANCE,46.603354,1.8883335,France
23,UKRAINE�,49.4871968,31.2718321,Ukraine
23,CHERNOBYL,51.2705477,30.2195609,Ukraine
23,BULGARIA,42.6073975,25.4856617,Bulgaria
23,HUNGARY,47.1817585,19.5060937,Hungary
23,ROMANIA,45.9852129,24.6859225,Romania
23,SLOVAKIA,48.7411522,19.4528646,Slovakia
23,STOLTENBERG,54.3437602,10.3461093,Germany
23,BELARUS,53.4250605,27.6971358,Belarus
23,SCHOLZ,51.86566365,9.094225016240884,Germany
23,BEIJING,39.906217,116.3912757,China
23,HANOI,21.0294498,105.8544441,Vietnam
23,VIETNAM,13.2904027,108.4265113,Vietnam
23,MANGUSH,47.0743672,37.30517415583803,Ukraine
23,BERDYANSK,46.755678,36.7887623,Ukraine
23,LONDON,51.5073219,-0.1276474,United Kingdom
23,WALLACE,38.9073846,-101.7565099,United States
23,BELGIUM,50.6402809,4.6667145,Belgium
23,BLOOMBERG,62.0850275,7.0284987,Norway
23,ITALY,42.6384261,12.674297,Italy
23,TOKYO,35.6828387,139.7594549,Japan
23,VYCHHOROD,50.5824332,30.485121,Ukraine
23,EUROPE,51.0,10.0,Germany
23,NATO,13.610272,123.5357268,Philippines
23,PENINSULA,48.870745,2.2933072,France
23,DESNA RIVER,50.031511,17.0599634,Czechia
23,ASIA,51.2086975,89.2343748,Russia
24,UKRAINE,49.4871968,31.2718321,Ukraine
24,BLINKEN,70.6538402,23.6965447,Norway
24,UNITED STATES,39.7837304,-100.445882,United States
24,NORTH AFRICA,13.45911,-2.2496367403016495,Burkina Faso
24,RUSSIA,64.6863136,97.7453061,Russia
24,IRAN,32.6475314,54.5643516,Iran
24,WASHINGTON,38.8950368,-77.0365427,United States
24,ISRAEL,31.5313113,34.8667654,Israel
24,MOROCCO,31.1728205,-7.3362482,Morocco
24,ALGERIA,28.0000272,2.9999825,Algeria
24,ITALY,42.6384261,12.674297,Italy
24,BRUSSELS,50.8465573,4.351697,Belgium
24,MOSCOW,55.7504461,37.6174943,Russia
24,ODESA,46.4843023,30.7322878,Ukraine
24,NEW YORK,40.7127281,-74.0060152,United States
24,UNITED KINGDOM,54.7023545,-3.2765753,United Kingdom
24,LONDON,51.5073219,-0.1276474,United Kingdom
24,BELGIUM,50.6402809,4.6667145,Belgium
24,BERDYANSK,46.755678,36.7887623,Ukraine
24,CRIMEA,45.28350435,34.20081877526554,Ukraine
24,DONBAS,49.4183248,17.310880143943606,Czechia
24,SYRIA,34.6401861,39.0494106,Syria
24,CANADA,61.0666922,-107.991707,Canada
24,CHINA,35.000074,104.999927,China
24,FRANCE,46.603354,1.8883335,France
24,LUHANSK,49.2724587,38.9150477,Ukraine
24,OKSANA,58.4195586,24.3685772,Estonia
24,KYIV,50.4500336,30.5241361,Ukraine
24,MARIUPOL,47.0957648,37.5499621,Ukraine
24,INDONESIA,-2.4833826,117.8902853,Indonesia
24,BULGARIA,42.6073975,25.4856617,Bulgaria
24,SOFIA,-15.2538402,48.2562163,Madagascar
24,POLAND,52.215933,19.134422,Poland
24,WARSAW,52.2319581,21.0067249,Poland
24,BORRELL,41.3751759,2.1668331,Spain
24,AUSTRALIA,-24.7761086,134.755,Australia
24,BELARUS,53.4250605,27.6971358,Belarus
24,KOVALEVA,52.0757246,23.7540121,Belarus
24,BUCHA,50.5485813,30.2207143,Ukraine
24,IRPIN,50.5206777,30.2448725,Ukraine
24,ILLICHIVSK,46.3020943,30.653466,Ukraine
24,EDINBURGH,55.9533456,-3.1883749,United Kingdom
24,SCOTLAND,56.7861112,-4.1140518,United Kingdom
24,STOLTENBERG,54.3437602,10.3461093,Germany
24,CHERNOBYL,51.2705477,30.2195609,Ukraine
24,VIENNA,48.2083537,16.3725042,Austria
24,JAPAN,36.5748441,139.2394179,Japan
24,TOKYO,35.6828387,139.7594549,Japan
24,HUNGARY,47.1817585,19.5060937,Hungary
24,ROMANIA,45.9852129,24.6859225,Romania
24,SLOVAKIA,48.7411522,19.4528646,Slovakia
24,LVIV,49.841952,24.0315921,Ukraine
24,KOTLYARA,47.258089,38.9164561,Russia
24,VINNYTSIA,48.8990315,28.516068,Ukraine
24,GERMANY,51.0834196,10.4234469,Germany
24,LIBYA,26.8234472,18.1236723,Libya
24,MOLDOVA,47.2879608,28.5670941,Moldova
24,SIA,13.4358757,-2.8300467,Burkina Faso
24,ESTONIA,58.7523778,25.3319078,Estonia
24,LATVIA,56.8406494,24.7537645,Latvia
24,LITHUANIA,55.3500003,23.7499997,Lithuania
24,OTTAWA,45.4211435,-75.6900574,Canada
24,BEIJING,39.906217,116.3912757,China
24,CHECHNYA,43.3976147,45.6985005,Russia
24,TROSTIANETS,50.48046,34.96467,Ukraine
24,SWITZERLAND,46.7985624,8.2319736,Switzerland
24,CHERNIHIV,51.272593,31.7417235,Ukraine
24,TURKEY,38.9597594,34.9249653,Turkey
24,NORWAY,60.5000209,9.0999715,Norway
24,MIDDLE EAST,39.3014159,-76.5888477,United States
24,EUROPE,51.0,10.0,Germany
24,WIMBLEDON,51.4214787,-0.2064027,United Kingdom
24,PODIL,50.469128,30.516624,Ukraine
24,PENINSULA,48.870745,2.2933072,France
24,EASTERN EUROPE,41.836891800000004,22.52384962142576,North Macedonia
24,NATO,13.610272,123.5357268,Philippines
25,UKRAINE,49.4871968,31.2718321,Ukraine
25,UNITED STATES,39.7837304,-100.445882,United States
25,WASHINGTON,38.8950368,-77.0365427,United States
25,RUSSIA,64.6863136,97.7453061,Russia
25,HAS.NO,48.0702466,16.3490695,Austria
25,BELARUS,53.4250605,27.6971358,Belarus
25,DONBAS,49.4183248,17.310880143943606,Czechia
25,GEORGIA,32.3293809,-83.1137366,United States
25,MOSCOW,55.7504461,37.6174943,Russia
25,VYSHHOROD,50.5824332,30.485121,Ukraine
25,VINNYTSIA,48.8990315,28.516068,Ukraine
25,CHERNOBYL,51.2705477,30.2195609,Ukraine
25,CHERNIHIV,51.272593,31.7417235,Ukraine
25,LEYEN,51.2657654,7.5173367,Germany
25,BRUSSELS,50.8465573,4.351697,Belgium
25,SPEAKING,50.33031485,6.2030286011453235,Belgium
25,MARIUPOL,47.0957648,37.5499621,Ukraine
25,UNITED KINGDOM,54.7023545,-3.2765753,United Kingdom
25,PANAMA,8.559559,-81.1308434,Panama
25,LIBERIA,5.7499721,-9.3658524,Liberia
25,TAIWAN,23.9739374,120.9820179,Taiwan
25,BELGOROD,50.5955595,36.5873394,Russia
25,LUHANSK,49.2724587,38.9150477,Ukraine
25,TURKEY,38.9597594,34.9249653,Turkey
25,ISTANBUL,41.0091982,28.9662187,Turkey
25,POLAND,52.215933,19.134422,Poland
25,LVIV,49.841952,24.0315921,Ukraine
25,MEXICO MEXICO,23.6585116,-102.0077097,Mexico
25,MEXICO,23.6585116,-102.0077097,Mexico
25,BEIJING,39.906217,116.3912757,China
25,ST PETER�,44.3238384,-93.9585295,United States
25,GERMANY,51.0834196,10.4234469,Germany
25,GREECE,38.9953683,21.9877132,Greece
25,REPORT GERMANY,50.9700351,7.0219111,Germany
25,AUS,30.19348925,-97.66500963529677,United States
25,KALYNIVKA,49.4583688,28.5262638,Ukraine
25,WARSAW,52.2319581,21.0067249,Poland
25,KYIV,50.4500336,30.5241361,Ukraine
25,ANKARA,39.9207886,32.8540482,Turkey
25,PHOENIX,33.4484367,-112.074141,United States
25,BELGIUM,50.6402809,4.6667145,Belgium
25,AUTONOMOUS REPUBLIC OF CRIMEA,45.6856952,33.9329411,Ukraine
25,CRIMEA,45.28350435,34.20081877526554,Ukraine
25,HUNGARY,47.1817585,19.5060937,Hungary
25,FRANCE,46.603354,1.8883335,France
25,PARIS,48.8588897,2.3200410217200766,France
25,SWITZERLAND,46.7985624,8.2319736,Switzerland
25,BERDYANSK,46.755678,36.7887623,Ukraine
25,CHINA,35.000074,104.999927,China
25,JAPAN,36.5748441,139.2394179,Japan
25,TOKYO,35.6828387,139.7594549,Japan
25,SERHIY,50.2895229,28.6138266,Ukraine
25,JASIONKA,51.9498281,19.3907679,Poland
25,RZESZOW POLAND,50.013064,22.016143457294312,Poland
25,SAMBIR,49.5182487,23.1969805,Ukraine
25,DESNA RIVER,50.031511,17.0599634,Czechia
25,EUROPE,51.0,10.0,Germany
25,PACIFIC,47.2640129,-122.2485492,United States
25,BASILICA,46.7441577,11.648513209806405,Italy
25,ASIA,51.2086975,89.2343748,Russia
26,LVIV,49.841952,24.0315921,Ukraine
26,RUSSIA,64.6863136,97.7453061,Russia
26,UKRAINE,49.4871968,31.2718321,Ukraine
26,CHERNOBYL,51.2705477,30.2195609,Ukraine
26,MOSCOW,55.7504461,37.6174943,Russia
26,WARSAW,52.2319581,21.0067249,Poland
26,POLAND,52.215933,19.134422,Poland
26,UNITED STATES,39.7837304,-100.445882,United States
26,UNITED KINGDOM,54.7023545,-3.2765753,United Kingdom
26,JAPAN,36.5748441,139.2394179,Japan
26,TOKYO,35.6828387,139.7594549,Japan
26,MARIUPOL,47.0957648,37.5499621,Ukraine
26,DONBAS,49.4183248,17.310880143943606,Czechia
26,GERMANY,51.0834196,10.4234469,Germany
26,WASHINGTON,38.8950368,-77.0365427,United States
26,SLOVAKIA,48.7411522,19.4528646,Slovakia
26,QATAR,25.3336984,51.2295295,Qatar
26,DOHA,25.2856329,51.5264162,Qatar
26,KISHIDA,35.4610773,134.4770731,Japan
26,HIROSHIMA,34.3916058,132.4518156,Japan
26,CHERNIHIV,51.272593,31.7417235,Ukraine
26,BELARUS,53.4250605,27.6971358,Belarus
26,NEW KYIV,50.4262887,30.6595602,Ukraine
26,KHARKIV,49.9923181,36.2310146,Ukraine
26,READ,53.808971650000004,-2.3658204062202675,United Kingdom
26,ZHYTOMYR,50.9080532,28.3867504,Ukraine
26,EASTERN MILITARY DISTRICT,59.3334319,137.38882719604007,Russia
26,KURIL ISLANDS,50.3840378,155.83221429055388,Russia
26,EUROPE,51.0,10.0,Germany
26,NORTHERN,-16.403889749999998,179.04897,Fiji
27,TURKEY,38.9597594,34.9249653,Turkey
27,RUSSIA,64.6863136,97.7453061,Russia
27,UKRAINE,49.4871968,31.2718321,Ukraine
27,SYRIA,34.6401861,39.0494106,Syria
27,LIBYA,26.8234472,18.1236723,Libya
27,UNITED STATES,39.7837304,-100.445882,United States
27,MOSCOW,55.7504461,37.6174943,Russia
27,KYIV,50.4500336,30.5241361,Ukraine
27,WARSAW,52.2319581,21.0067249,Poland
27,LONDON,51.5073219,-0.1276474,United Kingdom
27,POLAND,52.215933,19.134422,Poland
27,ISTANBUL,41.0091982,28.9662187,Turkey
27,LUHANSK,49.2724587,38.9150477,Ukraine
27,KHERSON,46.5421715,33.4079326,Ukraine
27,BLINKEN,70.6538402,23.6965447,Norway
27,JERUSALEM,31.79592425,35.21198075969497,Israel
27,KHARKIV,49.9923181,36.2310146,Ukraine
27,QATAR,25.3336984,51.2295295,Qatar
27,GERMANY,51.0834196,10.4234469,Germany
27,BILD.DE,48.92082565,9.458094344223614,Germany
27,CHINA,35.000074,104.999927,China
27,ROSTOV,47.2213858,39.7114196,Russia
27,DONBAS,49.4183248,17.310880143943606,Czechia
27,UNITED KINGDOM,54.7023545,-3.2765753,United Kingdom
27,TROSTIANETS,50.48046,34.96467,Ukraine
27,IRELAND,52.865196,-7.9794599,Ireland
27,SWITZERLAND,46.7985624,8.2319736,Switzerland
27,UNITED ARAB EMIRATES,24.0002488,53.9994829,United Arab Emirates
27,EU,50.0491699,1.4175744,France
27,CERI,52.5025395,-3.2573033,United Kingdom
27,BELARUS,53.4250605,27.6971358,Belarus
27,FRANCE,46.603354,1.8883335,France
27,SPAIN,39.3260685,-4.8379791,Spain
27,LVIV,49.841952,24.0315921,Ukraine
27,SOUTH KOREA,36.638392,127.6961188,South Korea
27,NORTH KOREA,40.3736611,127.0870417,North Korea
27,SLOVAKIA,48.7411522,19.4528646,Slovakia
27,HUNGARY,47.1817585,19.5060937,Hungary
27,ROMANIA,45.9852129,24.6859225,Romania
27,WASHINGTON DC,38.8950368,-77.0365427,United States
27,SADIQ KHAN,34.3336752,71.8582626,Pakistan
27,VATICAN CITY,41.903411,12.4528527,Vatican City
27,ROME,41.8933203,12.4829321,Italy
27,SAUDI ARABIA,25.6242618,42.3528328,Saudi Arabia
27,ESTONIA,58.7523778,25.3319078,Estonia
27,MYANMAR,17.1750495,95.9999652,Myanmar
27,COUNTING,53.6231902,-2.498963,United Kingdom
27,CHERNOBYL,51.2705477,30.2195609,Ukraine
27,ATLANTIC,41.403691,-95.0138705,United States
27,CRIMEAN PENINSULA,45.28350435,34.20081877526554,Ukraine
27,EUROPE,51.0,10.0,Germany
27,TWEET,40.2116978,-8.4234878,Portugal
28,CHINA,35.000074,104.999927,China
28,RUSSIA,64.6863136,97.7453061,Russia
28,SIBUR,55.4855026,60.2340254,Russia
28,ITALY,42.6384261,12.674297,Italy
28,UKRAINE,49.4871968,31.2718321,Ukraine
28,UNITED KINGDOM,54.7023545,-3.2765753,United Kingdom
28,BRITAIN,54.31536155,-1.9180234948012402,United Kingdom
28,ISTANBUL,41.0091982,28.9662187,Turkey
28,MARIUPOL,47.0957648,37.5499621,Ukraine
28,TURKEY,38.9597594,34.9249653,Turkey
28,LUHANSK,49.2724587,38.9150477,Ukraine
28,RUBIZHNE,49.0222573,38.3667937,Ukraine
28,VINNYTSIA,48.8990315,28.516068,Ukraine
28,HUNGARY,47.1817585,19.5060937,Hungary
28,UNITED STATES,39.7837304,-100.445882,United States
28,WASHINGTON,38.8950368,-77.0365427,United States
28,GERMANY,51.0834196,10.4234469,Germany
28,IRPIN,50.5206777,30.2448725,Ukraine
28,CHERNOBYL,51.2705477,30.2195609,Ukraine
28,KYIV,50.4500336,30.5241361,Ukraine
28,MOSCOW,55.7504461,37.6174943,Russia
28,DONBAS,49.4183248,17.310880143943606,Czechia
28,RIVNE,51.2074112,26.5208033,Ukraine
28,WARSAW,52.2319581,21.0067249,Poland
28,BRUSSELS,50.8465573,4.351697,Belgium
28,FRANCE,46.603354,1.8883335,France
28,WEEKS,50.721922,-1.162169,United Kingdom
28,IRAN,32.6475314,54.5643516,Iran
28,CARLSBERG,49.504022,8.0417454,Germany
28,NETHERLANDS,52.15517,5.38721,Netherlands
28,SPAIN,39.3260685,-4.8379791,Spain
28,LUXEMBOURG,49.8158683,6.1296751,Luxembourg
28,BELGIUM,50.6402809,4.6667145,Belgium
28,BULGARIA,42.6073975,25.4856617,Bulgaria
28,NEW YORK,40.7127281,-74.0060152,United States
28,BOLIVIA,-17.0568696,-64.9912286,Bolivia
28,HIROSHIMA,34.3916058,132.4518156,Japan
28,NAGASAKI,33.1154683,129.7874339,Japan
28,ANKARA,39.9207886,32.8540482,Turkey
28,BELARUS,53.4250605,27.6971358,Belarus
28,QATAR,25.3336984,51.2295295,Qatar
28,BEIJING,39.906217,116.3912757,China
28,KHARKIV,49.9923181,36.2310146,Ukraine
28,CANADA,61.0666922,-107.991707,Canada
28,JAPAN,36.5748441,139.2394179,Japan
28,POLAND,52.215933,19.134422,Poland
28,LIBYA,26.8234472,18.1236723,Libya
28,SYRIA,34.6401861,39.0494106,Syria
28,HOLLYWOOD,34.0980031,-118.329523,United States
28,LOS ANGELES,34.0536909,-118.242766,United States
28,CALIFORNIA,36.7014631,-118.755997,United States
28,CHORNOBAIVKA,46.6926512,32.5455178,Ukraine
28,ROMANIA,45.9852129,24.6859225,Romania
28,MOLDOVA,47.2879608,28.5670941,Moldova
28,PORTUGAL,40.0332629,-7.8896263,Portugal
28,GREECE,38.9953683,21.9877132,Greece
28,LVIV,49.841952,24.0315921,Ukraine
28,SIBERIA,60.0,100.0,Russia
28,DANUBE RIVER,45.1758803,20.2060379,Serbia
28,EUROPE,51.0,10.0,Germany
28,EASTERN EUROPE,41.836891800000004,22.52384962142576,North Macedonia
28,WHIDBEY ISLAND,48.15814255,-122.59742939440014,United States
28,WESTERN EUROPE,-33.9797952,18.5816802,South Africa
29,UKRAINE,49.4871968,31.2718321,Ukraine
29,RUSSIA,64.6863136,97.7453061,Russia
29,MARIUPOL,47.0957648,37.5499621,Ukraine
29,UNITED STATES,39.7837304,-100.445882,United States
29,BRITAIN,54.31536155,-1.9180234948012402,United Kingdom
29,FRANCE,46.603354,1.8883335,France
29,GERMANY,51.0834196,10.4234469,Germany
29,ITALY,42.6384261,12.674297,Italy
29,LUHANSK,49.2724587,38.9150477,Ukraine
29,MOSCOW,55.7504461,37.6174943,Russia
29,UNITED KINGDOM,54.7023545,-3.2765753,United Kingdom
29,WASHINGTON,38.8950368,-77.0365427,United States
29,TELEGRAM,54.5395787,-5.5007543,United Kingdom
29,CRIMEA,45.28350435,34.20081877526554,Ukraine
29,PESKOV,53.732456,62.39222,Kazakhstan
29,CHINA,35.000074,104.999927,China
29,INDIA,22.3511148,78.6677428,India
29,PUTIN,48.990259,13.8743671,Czechia
29,WASHINGTON DC,38.8950368,-77.0365427,United States
29,BELGIUM,50.6402809,4.6667145,Belgium
29,POLAND,52.215933,19.134422,Poland
29,IRAQ,33.0955793,44.1749775,Iraq
29,CANADA,61.0666922,-107.991707,Canada
29,LVIV,49.841952,24.0315921,Ukraine
29,ISSIA,6.4929499,-6.582576,Côte d'Ivoire
29,VIENNA,48.2083537,16.3725042,Austria
29,CHERNOBYL,51.2705477,30.2195609,Ukraine
29,IRPIN,50.5206777,30.2448725,Ukraine
29,ISTANBUL,41.0091982,28.9662187,Turkey
29,ESTONIA,58.7523778,25.3319078,Estonia
29,LATVIA,56.8406494,24.7537645,Latvia
29,LITHUANIA,55.3500003,23.7499997,Lithuania
29,KYIV,50.4500336,30.5241361,Ukraine
29,KRAINE,27.6492632,49.8195466,Saudi Arabia
29,BELGOROD,50.5955595,36.5873394,Russia
29,AUSTRIA,47.59397,14.12456,Austria
29,DONBAS,49.4183248,17.310880143943606,Czechia
29,PROGRESSIVE,31.8341785,-102.3602586,United States
29,EA,43.3804335,-2.5848533,Spain
29,UKRAYINA,49.4871968,31.2718321,Ukraine
29,MYKOLAYIV,46.9380295,32.0626947,Ukraine
29,JAPAN,36.5748441,139.2394179,Japan
29,AUSTRALIA,-24.7761086,134.755,Australia
29,YEMEN,16.3471243,47.8915271,Yemen
29,HORN OF AFRICA,9.8333333,49.1666667,Somalia
29,MOROCCO,31.1728205,-7.3362482,Morocco
29,LONDON,51.5073219,-0.1276474,United Kingdom
29,ST KITTS,17.31569295,-62.74468058526273,Saint Kitts and Nevis
29,TRANSPORT,55.6736127,12.5795013,Denmark
29,TURKEY,38.9597594,34.9249653,Turkey
29,GREECE,38.9953683,21.9877132,Greece
29,QATAR,25.3336984,51.2295295,Qatar
29,KOREA,36.638392,127.6961188,South Korea
29,IRELAND,52.865196,-7.9794599,Ireland
29,CZECH REPUBLIC,49.8167003,15.4749544,Czechia
29,PRAGUE,50.0596288,14.446459273258009,Czechia
29,CZECHIA,49.8167003,15.4749544,Czechia
29,DONETSK REPUBLIC,47.9955924,37.8041717001132,Ukraine
29,CHERNIHIV,51.272593,31.7417235,Ukraine
29,ALBANIA,41.000028,19.9999619,Albania
29,LICHTENSTEIN,48.4312138,9.256542,Germany
29,MONACO,43.73844905,7.424224092532953,Monaco
29,SINGAPORE,1.357107,103.8194992,Singapore
29,MONTENEGRO,42.9868853,19.5180992,Montenegro
29,NEW ZEALAND,-41.5000831,172.8344077,New Zealand
29,GEORGIA,32.3293809,-83.1137366,United States
29,ASIA,51.2086975,89.2343748,Russia
29,EUROPE,51.0,10.0,Germany
29,EAST,12.2527495,0.8736106,Burkina Faso
29,AFRICA,11.5024338,17.7578122,Chad
29,ALLIES,35.7127141,139.6672335,Japan
29,NATO,13.610272,123.5357268,Philippines
29,LATIN,45.1154321,15.3666841,Croatia
29,AMERICA,51.4371483,5.9799001,Netherlands
29,MIDDLE EAST,39.3014159,-76.5888477,United States
29,PENINSULA,48.870745,2.2933072,France
30,RUSSIA,64.6863136,97.7453061,Russia
30,CHINA,35.000074,104.999927,China
30,UKRAINE,49.4871968,31.2718321,Ukraine
30,MOSCOW,55.7504461,37.6174943,Russia
30,BEIJING,39.906217,116.3912757,China
30,HUANGSHAN,30.13235465,118.15669182577278,China
30,AFGHANISTAN,33.7680065,66.2385139,Afghanistan
30,UNITED STATES,39.7837304,-100.445882,United States
30,TUNXI,29.6986901,118.3098695,China
30,FINLAND,63.2467777,25.9209164,Finland
30,HELSINKI,60.1674881,24.9427473,Finland
30,SAINT PETERSBURG,59.938732,30.316229,Russia
30,UNITED KINGDOM,54.7023545,-3.2765753,United Kingdom
30,ISTANBUL,41.0091982,28.9662187,Turkey
30,TURKEY,38.9597594,34.9249653,Turkey
30,LYSYCHANSK,48.917267,38.4285981,Ukraine
30,LUHANSK,49.2724587,38.9150477,Ukraine
30,CANBERRA,-35.2975906,149.1012676,Australia
30,INDIA,22.3511148,78.6677428,India
30,BACHELET,-33.0520588,-71.5490325,Chile
30,MARIUPOL,47.0957648,37.5499621,Ukraine
30,ROME,41.8933203,12.4829321,Italy
30,POLAND,52.215933,19.134422,Poland
30,ZHYTOMYR,50.9080532,28.3867504,Ukraine
30,KYIV,50.4500336,30.5241361,Ukraine
30,BELARUS,53.4250605,27.6971358,Belarus
30,DONBAS,49.4183248,17.310880143943606,Czechia
30,INTERFAX,4.8643962,-74.0502756,Colombia
30,VINNYTSIA,48.8990315,28.516068,Ukraine
30,BIRMINGHAM,52.4796992,-1.9026911,United Kingdom
30,LVIV,49.841952,24.0315921,Ukraine
30,CHERKASY,49.3402711,31.610320733574746,Ukraine
30,NEW DELHI,28.6138954,77.2090057,India
30,IRPIN,50.5206777,30.2448725,Ukraine
30,NORWAY,60.5000209,9.0999715,Norway
30,GERMANY,51.0834196,10.4234469,Germany
30,NEW YORK CITY,40.7127281,-74.0060152,United States
30,WARSAW,52.2319581,21.0067249,Poland
30,BRUSSELS,50.8465573,4.351697,Belgium
30, NORWAY,60.5000209,9.0999715,Norway
30,ZAPORIZHZHIA,47.8507859,35.1182867,Ukraine
30,DENMARK,55.670249,10.3333283,Denmark
30,ESTONIA,58.7523778,25.3319078,Estonia
30,SUDAN,14.5844444,29.4917691,Sudan
30,STAROKOSTIANTYNIV,49.756163,27.2087889,Ukraine
30,KHMELNYTSKYI,49.268624,27.0635998,Ukraine
30,CHECHNYA,43.3976147,45.6985005,Russia
30,AUSTRIA,47.59397,14.12456,Austria
30,NORTH AFRICA,13.45911,-2.2496367403016495,Burkina Faso
30,FRANCE,46.603354,1.8883335,France
30,CHERNOBYL,51.2705477,30.2195609,Ukraine
30,RWANDA,-1.9646631,30.0644358,Rwanda
30,BOSNIA HERZEGOVINA,44.3053476,17.5961467,Bosnia and Herzegovina
30,AUSTRALIA,-24.7761086,134.755,Australia
30,QATAR,25.3336984,51.2295295,Qatar
30,BULGARIA,42.6073975,25.4856617,Bulgaria
30,BERDYANSK,46.755678,36.7887623,Ukraine
30,KRAINE,27.6492632,49.8195466,Saudi Arabia
30,YEMEN,16.3471243,47.8915271,Yemen
30,SYRIA,34.6401861,39.0494106,Syria
30,MYANMAR,17.1750495,95.9999652,Myanmar
30,HAITI,19.1399952,-72.3570972,Haiti
30,AFRICA,11.5024338,17.7578122,Chad
30,CHERNIHIV,51.272593,31.7417235,Ukraine
30,EUROPE,51.0,10.0,Germany
30,EASTERN EUROPE,41.836891800000004,22.52384962142576,North Macedonia
30,SNAKE ISLAND,44.4773207,-78.37691794270614,Canada
30,LIVOBEREZHNYI,47.1145914,37.6543961,Ukraine
30,BRITAIN,54.31536155,-1.9180234948012402,United Kingdom
30,NATO,13.610272,123.5357268,Philippines
30,MIDDLE EAST,39.3014159,-76.5888477,United States
30,BALTIC,43.761363,-96.740329,United States
31,KHARKIV,49.9923181,36.2310146,Ukraine
31,UKRAINE,49.4871968,31.2718321,Ukraine
31,TELEGRAM,54.5395787,-5.5007543,United Kingdom
31,MOSCOW,55.7504461,37.6174943,Russia
31,DERHACHI,50.107307,36.1205965,Ukraine
31,VINNYTSIA,48.8990315,28.516068,Ukraine
31,RUSSIA,64.6863136,97.7453061,Russia
31,UNITED KINGDOM,54.7023545,-3.2765753,United Kingdom
31,BRITAIN,54.31536155,-1.9180234948012402,United Kingdom
31,DENMARK,55.670249,10.3333283,Denmark
31,LATVIA,56.8406494,24.7537645,Latvia
31,NORWAY,60.5000209,9.0999715,Norway
31,BELGIUM,50.6402809,4.6667145,Belgium
31,BRUSSELS,50.8465573,4.351697,Belgium
31,MARIUPOL,47.0957648,37.5499621,Ukraine
31,INDIA,22.3511148,78.6677428,India
31,NEW ZEALAND,-41.5000831,172.8344077,New Zealand
31,UNITED STATES,39.7837304,-100.445882,United States
31,CHERNOBYL,51.2705477,30.2195609,Ukraine
31,ENERGOATOM,50.4411258,30.4972454,Ukraine
31,DONBAS,49.4183248,17.310880143943606,Czechia
31,POLAND,52.215933,19.134422,Poland
31,ANKARA,39.9207886,32.8540482,Turkey
31,ISTANBUL,41.0091982,28.9662187,Turkey
31,KOTIN,39.6232169,70.2763254,Kyrgyzstan
31,QATAR,25.3336984,51.2295295,Qatar
31,DNIPROPETROVSK,48.662589,34.9501715,Ukraine
31,LITHUANIA,55.3500003,23.7499997,Lithuania
31,GEORGIA,32.3293809,-83.1137366,United States
31,MOROCCO,31.1728205,-7.3362482,Morocco
31,VASYLIVKA,47.4431859,35.2803026,Ukraine
31,ZAPORIZHZHIA,47.8507859,35.1182867,Ukraine
31,GERMANY,51.0834196,10.4234469,Germany
31,BERLIN,52.5170365,13.3888599,Germany
31,FRANCE,46.603354,1.8883335,France
31,PARIS,48.8588897,2.3200410217200766,France
31,NOVOMOSKOVSK,48.6358512,35.2595541,Ukraine
31,GENEVA,46.2017559,6.1466014,Switzerland
31,TURKEY,38.9597594,34.9249653,Turkey
31,KYIV,50.4500336,30.5241361,Ukraine
31,LUHANSK,49.2724587,38.9150477,Ukraine
31,DONETSK,48.0158753,37.8013407,Ukraine
31,KRAINE,27.6492632,49.8195466,Saudi Arabia
31,ABKHAZIA,43.1500226,41.2299786,Georgia
31,EUROPE,51.0,10.0,Germany
31,NATO,13.610272,123.5357268,Philippines
31,KALININGRAD,54.710128,20.5105838,Russia
31,SUEZ CANAL,30.04542955,32.57450729306838,Egypt
31,ASIA,51.2086975,89.2343748,Russia
31,SOUTH AMERICA,-21.0002179,-61.0006565,Paraguay
31,AFRICA,11.5024338,17.7578122,Chad
31,SIBERIA,60.0,100.0,Russia
